dataset,source,stimulus,distortion,level,seed,derived_seed,actual_luma_rms,path,width,height,sha256,source_sobel_si,stimulus_sobel_si,sobel_si,luma_sd,edge_fraction,glcm_contrast,glcm_entropy,glcm_homogeneity
div2k_validation,0801.png,0801_94c73baf65fc__clean_0,clean,0,,,0.0,results/vtm_noise_validation/stimuli/0801_94c73baf65fc__clean_0.png,768,512,94c73baf65fcbe611b84d239cc9c8f1ad3c37b2f79cf39cd133adfbbf3e0b237,53.63888293966631,53.63888293966631,53.63888293966631,67.15838406862792,0.20473045615112886,0.17533301757055875,2.519396842586233,0.9216967511440682
div2k_validation,0801.png,0801_94c73baf65fc__awgn_30_seed-20260811,awgn,30,20260811,1113627816953926884,28.501873244801434,results/vtm_noise_validation/stimuli/0801_94c73baf65fc__awgn_30_seed-20260811.png,768,512,7308e26e821c20c5d4b5b63c20738dcf99d05142675eeacedcc40a87cff2bb9b,53.63888293966631,76.40962488375607,76.40962488375607,71.47355504975151,0.8546024676189014,1.6665195233797674,3.580702943530522,0.5904459007828918
div2k_validation,0801.png,0801_94c73baf65fc__awgn_30_seed-20260812,awgn,30,20260812,13393917567101287228,28.58226356691723,results/vtm_noise_validation/stimuli/0801_94c73baf65fc__awgn_30_seed-20260812.png,768,512,0f52cc21b085fb2f25aa64f1a1a51dd63b5e74a74b637abc5798151c7f708aa6,53.63888293966631,76.7038189821274,76.7038189821274,71.58717363537254,0.8561613679414325,1.6723449386908535,3.5820277469611477,0.5900325756162785
div2k_validation,0801.png,0801_94c73baf65fc__awgn_30_seed-20260813,awgn,30,20260813,1797184094092325255,28.505641133578468,results/vtm_noise_validation/stimuli/0801_94c73baf65fc__awgn_30_seed-20260813.png,768,512,34799a49cc9845b4ea7533330b27c56966965b7cbbe0567b9cb53d7c4f3abad0,53.63888293966631,76.50893408964822,76.50893408964822,71.46123588885197,0.8553627195003328,1.6705862406650867,3.581573228059734,0.5898424349207243
div2k_validation,0802.png,0802_f1e7268d4de3__clean_0,clean,0,,,0.0,results/vtm_noise_validation/stimuli/0802_f1e7268d4de3__clean_0.png,768,512,f1e7268d4de3eeeada79ea3718d593d60b474cd54280be7732f2badd1920f85c,43.16098211014557,43.16098211014557,43.16098211014557,57.2747501843428,0.18815338145702146,0.16079848125836127,2.414289522293782,0.9251321223293419
div2k_validation,0802.png,0802_f1e7268d4de3__awgn_30_seed-20260811,awgn,30,20260811,934317093076501681,27.74934033592107,results/vtm_noise_validation/stimuli/0802_f1e7268d4de3__awgn_30_seed-20260811.png,768,512,ce27467c0ba06bc659fb01d858c554f4ea85d2a1c82a14c2914b3e3446eeedf1,43.16098211014557,71.10560551623723,71.10560551623723,61.87671434096515,0.8423949214150412,1.6338054453911224,3.5023805118995117,0.5948955192882359
div2k_validation,0802.png,0802_f1e7268d4de3__awgn_30_seed-20260812,awgn,30,20260812,7034858839499626460,27.752770454562654,results/vtm_noise_validation/stimuli/0802_f1e7268d4de3__awgn_30_seed-20260812.png,768,512,c0fe051e4f9f372937d183e28b68990083ee7faafd084efea6237a17307828f2,43.16098211014557,71.2721415598555,71.2721415598555,61.86159077105956,0.8423258076076383,1.6343870104103941,3.5014097165715556,0.5950130528405168
div2k_validation,0802.png,0802_f1e7268d4de3__awgn_30_seed-20260813,awgn,30,20260813,13102803655524182236,27.754452826397216,results/vtm_noise_validation/stimuli/0802_f1e7268d4de3__awgn_30_seed-20260813.png,768,512,0129a5d7660eeadf8b05b73a1d80f2d058400095a9f2c40901a554ad25a8be2c,43.16098211014557,70.95937198453272,70.95937198453272,61.81916480154137,0.8415194798546051,1.6308092932107074,3.500670325468775,0.5954209131090737
div2k_validation,0803.png,0803_5b5318eeb6b7__clean_0,clean,0,,,0.0,results/vtm_noise_validation/stimuli/0803_5b5318eeb6b7__clean_0.png,768,512,5b5318eeb6b7db9790b9df892da3e00c5fd8f71b77253a49ea3e215a0329d2d0,61.5840732703981,61.5840732703981,61.5840732703981,51.27072381800005,0.1716351814877387,0.16490511530778013,2.334366031146737,0.9328668957521993
div2k_validation,0803.png,0803_5b5318eeb6b7__awgn_30_seed-20260811,awgn,30,20260811,1808323285496121409,28.39009797204198,results/vtm_noise_validation/stimuli/0803_5b5318eeb6b7__awgn_30_seed-20260811.png,768,512,7770f6178c2317b7c1c843c4c5df7ecae740ec2c628512171701400b36720fa2,61.5840732703981,78.41524120126323,78.41524120126323,57.34292942970372,0.8561229713817642,1.7739165028302806,3.535939840785061,0.5737336993083113
div2k_validation,0803.png,0803_5b5318eeb6b7__awgn_30_seed-20260812,awgn,30,20260812,3593571539141768,28.369686979284275,results/vtm_noise_validation/stimuli/0803_5b5318eeb6b7__awgn_30_seed-20260812.png,768,512,cdbd34ed101b7f945b2819021599d0440744a60842c35e91a7e0f6bb08bf1f34,61.5840732703981,78.69634230553051,78.69634230553051,57.360021356037535,0.8559412276660011,1.772788340345515,3.53600782553681,0.574047140727096
div2k_validation,0803.png,0803_5b5318eeb6b7__awgn_30_seed-20260813,awgn,30,20260813,6908990298377023620,28.33777694263933,results/vtm_noise_validation/stimuli/0803_5b5318eeb6b7__awgn_30_seed-20260813.png,768,512,29ab91525abf0d8cff1dc169c97fd5b05cc59abf3f8e88776bb5229382f825d4,61.5840732703981,78.3896965075188,78.3896965075188,57.316351630686974,0.8552884861516408,1.7650707224962705,3.5329023042814662,0.5749229041550741
div2k_validation,0807.png,0807_dbe8c8f6ecfa__clean_0,clean,0,,,0.0,results/vtm_noise_validation/stimuli/0807_dbe8c8f6ecfa__clean_0.png,768,512,dbe8c8f6ecfa716d602d2974b2af96bb5982c163bbb342de4bbe17512e1781b2,117.83508287761919,117.83508287761919,117.83508287761919,40.85271135368715,0.41136794143244765,0.9555334594092131,2.6249486896469887,0.7917367888246878
div2k_validation,0807.png,0807_dbe8c8f6ecfa__awgn_30_seed-20260811,awgn,30,20260811,13674560304124078175,27.41257256856168,results/vtm_noise_validation/stimuli/0807_dbe8c8f6ecfa__awgn_30_seed-20260811.png,768,512,22aa8f876860c615af3d3a07855e73c221ec377adbd5de81b474c2051b39c5a1,117.83508287761919,112.84544141765011,112.84544141765011,48.25258437885228,0.8760635847028106,2.367520915151861,3.4398783662143257,0.5430027588717898
div2k_validation,0807.png,0807_dbe8c8f6ecfa__awgn_30_seed-20260812,awgn,30,20260812,8625980882863079943,27.375216966579192,results/vtm_noise_validation/stimuli/0807_dbe8c8f6ecfa__awgn_30_seed-20260812.png,768,512,8c862d6e1782b657a501e92ca34294ae2007a8113f9e2eda9976b103be2712c0,117.83508287761919,113.14655811169722,113.14655811169722,48.28196686475121,0.8751599856652844,2.3697906874555628,3.4383786939016385,0.5427831436734998
div2k_validation,0807.png,0807_dbe8c8f6ecfa__awgn_30_seed-20260813,awgn,30,20260813,1086302274037308843,27.353101869899703,results/vtm_noise_validation/stimuli/0807_dbe8c8f6ecfa__awgn_30_seed-20260813.png,768,512,58e7517b6dbedcdc097d596aa9ae25c52cc4a3ab9d6602a182d540f447ee1a5e,117.83508287761919,113.11387635318842,113.11387635318842,48.268821486639105,0.8743818153893411,2.3612232626200393,3.4362639922194766,0.5438726929652276
div2k_validation,0809.png,0809_08fdba2dcb46__clean_0,clean,0,,,0.0,results/vtm_noise_validation/stimuli/0809_08fdba2dcb46__clean_0.png,768,512,08fdba2dcb46de5c785d11fb3ed05ae40e7df71730aed624446d0225cf795a77,45.31938810061432,45.31938810061432,45.31938810061432,51.587863110817395,0.34386934930630214,0.1955906412181943,2.4377000507916993,0.9054672361996277
div2k_validation,0809.png,0809_08fdba2dcb46__awgn_30_seed-20260811,awgn,30,20260811,2401527348325935842,29.308540038796355,results/vtm_noise_validation/stimuli/0809_08fdba2dcb46__awgn_30_seed-20260811.png,768,512,21e0d718f412e3785c9c305e35c8c00ea9bd5fa38b077c3dee321640b34430b0,45.31938810061432,75.60972241956183,75.60972241956183,58.76640276333486,0.8753186914452465,1.852749191319465,3.576503956098531,0.5631633733961983
div2k_validation,0809.png,0809_08fdba2dcb46__awgn_30_seed-20260812,awgn,30,20260812,8026170836110345995,29.347435711298118,results/vtm_noise_validation/stimuli/0809_08fdba2dcb46__awgn_30_seed-20260812.png,768,512,80fe68649d48a066db0486b38a419c37b43e7050dc4afedd88c040d2824f9c29,45.31938810061432,75.65077981154339,75.65077981154339,58.76415055354683,0.8747785798392465,1.8549700636976574,3.577657313718892,0.5633518222553769
div2k_validation,0809.png,0809_08fdba2dcb46__awgn_30_seed-20260813,awgn,30,20260813,16084785722360692063,29.33204425522418,results/vtm_noise_validation/stimuli/0809_08fdba2dcb46__awgn_30_seed-20260813.png,768,512,6db3c8aa7634e3430fd80701d88e218e8db0a1ecadd280feb59c6e44cb42a957,45.31938810061432,75.55117909264439,75.55117909264439,58.74785394527352,0.87524189832591,1.855764627895661,3.57797279616967,0.5630455605034121
div2k_validation,0810.png,0810_7151f31d3474__clean_0,clean,0,,,0.0,results/vtm_noise_validation/stimuli/0810_7151f31d3474__clean_0.png,768,512,7151f31d34745faa82afc926c3db20794ecb15ef84a91804dc30ca1d402ac3fe,97.82584223641162,97.82584223641162,97.82584223641162,50.11864106255082,0.6893078380177136,0.7221853528616365,2.9232747303592137,0.7583789800867315
div2k_validation,0810.png,0810_7151f31d3474__awgn_30_seed-20260811,awgn,30,20260811,2381054616902325352,28.912470737590347,results/vtm_noise_validation/stimuli/0810_7151f31d3474__awgn_30_seed-20260811.png,768,512,3bb4dbf02d6935d34afc0e8aced23f4705a7214b709fc563fdab12b60ecdb95b,97.82584223641162,108.30879157339653,108.30879157339653,56.66113899863463,0.9041749859212614,2.235797314095202,3.541410594811352,0.5482050080832335
div2k_validation,0810.png,0810_7151f31d3474__awgn_30_seed-20260812,awgn,30,20260812,16048039206826295199,28.91826010352913,results/vtm_noise_validation/stimuli/0810_7151f31d3474__awgn_30_seed-20260812.png,768,512,ec2a17c8872af62bb915029430ba2e64c4c6bfc1b6d99a8acefafae55b34a17c,97.82584223641162,107.83597514527354,107.83597514527354,56.59712571069906,0.9045154354169866,2.2348093137616827,3.5407089867066923,0.5475098272471619
div2k_validation,0810.png,0810_7151f31d3474__awgn_30_seed-20260813,awgn,30,20260813,16445384210044935428,28.82731983194126,results/vtm_noise_validation/stimuli/0810_7151f31d3474__awgn_30_seed-20260813.png,768,512,72a2a5bb6280cf7198661f7f4aacbd708f2bbc6135caa65db621e05c446cd81d,97.82584223641162,108.07787676365356,108.07787676365356,56.63204038304619,0.9040700353248349,2.228215357265246,3.5408957194170543,0.547757419285938
div2k_validation,0815.png,0815_2d49ca420a4a__clean_0,clean,0,,,0.0,results/vtm_noise_validation/stimuli/0815_2d49ca420a4a__clean_0.png,768,512,2d49ca420a4a15eeea73f4fe62d4e96baf7281955fbe4b530bd4b9ffcb638af8,46.460948592516694,46.460948592516694,46.460948592516694,66.07667168305403,0.22912763016433726,0.19485800277890647,2.5513424605951367,0.9097830114335889
div2k_validation,0815.png,0815_2d49ca420a4a__awgn_30_seed-20260811,awgn,30,20260811,2590163596173656454,28.167239918791136,results/vtm_noise_validation/stimuli/0815_2d49ca420a4a__awgn_30_seed-20260811.png,768,512,eaf3b520bee6de70d3160596f2aea76a482286ccbcee40ca34330c136192b480,46.460948592516694,72.71344480533757,72.71344480533757,70.09407175225681,0.8541570675267496,1.6987874195515371,3.6003465555847267,0.5824271228591029
div2k_validation,0815.png,0815_2d49ca420a4a__awgn_30_seed-20260812,awgn,30,20260812,1282232873168774680,28.142848521289608,results/vtm_noise_validation/stimuli/0815_2d49ca420a4a__awgn_30_seed-20260812.png,768,512,1fe2cd1e02c272847c764d8525667b6e97f35c328913b9bd8fb78accf1eabdae,46.460948592516694,72.53514661894938,72.53514661894938,70.12703578479329,0.853517124865612,1.697148228884016,3.599167414399469,0.5824020389248303
div2k_validation,0815.png,0815_2d49ca420a4a__awgn_30_seed-20260813,awgn,30,20260813,3098269893240156219,28.099937020770867,results/vtm_noise_validation/stimuli/0815_2d49ca420a4a__awgn_30_seed-20260813.png,768,512,e3432921f7b5f7ea9902c26c69b2609268bd4fde4896d6197d187aef0b31bd40,46.460948592516694,72.40456766635523,72.40456766635523,70.1021957547766,0.8528490247273844,1.6946939296878125,3.5985737573353767,0.5827844412127231
div2k_validation,0819.png,0819_103459e6c000__clean_0,clean,0,,,0.0,results/vtm_noise_validation/stimuli/0819_103459e6c000__clean_0.png,768,512,103459e6c000177270c09f63c631abe6dbbd1dd3f53ed9254217785f818c13ad,75.577542537301,75.577542537301,75.577542537301,45.66437507237467,0.3408718578815338,0.29315340645733035,2.331575662653468,0.8885934323869804
div2k_validation,0819.png,0819_103459e6c000__awgn_30_seed-20260811,awgn,30,20260811,13768457441763341889,28.101703676320387,results/vtm_noise_validation/stimuli/0819_103459e6c000__awgn_30_seed-20260811.png,768,512,24ed42140fcb00edc8f3c78d6385080c93cd44ed820cf225a3ce4de7939b3070,75.577542537301,86.55591042213894,86.55591042213894,52.304382673398294,0.8628218911585522,1.6933907521130627,3.197061084028225,0.593224936969633
div2k_validation,0819.png,0819_103459e6c000__awgn_30_seed-20260812,awgn,30,20260812,11452475476780737760,28.04754357918014,results/vtm_noise_validation/stimuli/0819_103459e6c000__awgn_30_seed-20260812.png,768,512,a6047705120ce76218705a8d65fdbd6c8ab6bc3659c791423bcda629e8e89381,75.577542537301,86.64437616760799,86.64437616760799,52.293813325415385,0.8615189679004761,1.6823673034571989,3.193875047719428,0.5944481895760936
div2k_validation,0819.png,0819_103459e6c000__awgn_30_seed-20260813,awgn,30,20260813,6320099502161092642,28.069971756530766,results/vtm_noise_validation/stimuli/0819_103459e6c000__awgn_30_seed-20260813.png,768,512,dc2e2be02e6ea87ef6a51cb9e1a6270d108d6db1832f93d4abbccae0602c0fa9,75.577542537301,86.78631027965699,86.78631027965699,52.3770347023155,0.8627195003327702,1.6889781154241625,3.1964926438604806,0.5939801710112526
div2k_validation,0820.png,0820_179015d765bb__clean_0,clean,0,,,0.0,results/vtm_noise_validation/stimuli/0820_179015d765bb__clean_0.png,768,512,179015d765bb51921d0e858b6e29d2c2c56f4558cf09858541c51e8db82963bc,116.90079230243884,116.90079230243884,116.90079230243884,60.9221616020543,0.37360108534275327,0.49599617398052814,2.694965194310761,0.8632241478472508
div2k_validation,0820.png,0820_179015d765bb__awgn_30_seed-20260811,awgn,30,20260811,18257608411526477614,28.220020872487314,results/vtm_noise_validation/stimuli/0820_179015d765bb__awgn_30_seed-20260811.png,768,512,be2a6e98a98a0d77ba2523e2bedc0b2401b241cb39dc60fd4ba3d87d259d395c,116.90079230243884,112.11368430430205,112.11368430430205,64.6902776662219,0.8645830133620027,1.9186081777578676,3.519779497735308,0.586387964666076
div2k_validation,0820.png,0820_179015d765bb__awgn_30_seed-20260812,awgn,30,20260812,165719163368697002,28.137330377249075,results/vtm_noise_validation/stimuli/0820_179015d765bb__awgn_30_seed-20260812.png,768,512,7f51947e38cdb773a5a924d5e488c8ba62db62d368febf60f3d9a9b52b9f7005,116.90079230243884,112.32188421165236,112.32188421165236,64.74538178723068,0.8633005682690831,1.9163009595577807,3.518501007389312,0.5865562363372179
div2k_validation,0820.png,0820_179015d765bb__awgn_30_seed-20260813,awgn,30,20260813,11780101335722263977,28.206003503266857,results/vtm_noise_validation/stimuli/0820_179015d765bb__awgn_30_seed-20260813.png,768,512,f9ff73486f5f2380ad6e93f7daa745a522206363f87b19c821c1c9af74d8c9f7,116.90079230243884,112.27657749894334,112.27657749894334,64.69871235280924,0.8645113397839553,1.9216435374180034,3.523152466724304,0.5853056902548449
div2k_validation,0824.png,0824_9cc33d590aa5__clean_0,clean,0,,,0.0,results/vtm_noise_validation/stimuli/0824_9cc33d590aa5__clean_0.png,768,512,9cc33d590aa50a7e2f3fa2a75a01c7057dc3c00928515d06e76d1357a4fbc927,141.16074154814604,141.16074154814604,141.16074154814604,73.81011569083485,0.41391491322377516,0.8470861801217681,2.847817515918185,0.818806137429152
div2k_validation,0824.png,0824_9cc33d590aa5__awgn_30_seed-20260811,awgn,30,20260811,5691233444527385387,28.207043060890523,results/vtm_noise_validation/stimuli/0824_9cc33d590aa5__awgn_30_seed-20260811.png,768,512,c4c43c4ff69992f49f13d3661d86b3c0c9d7bca130a80597075709d731a4836a,141.16074154814604,131.00771110052543,131.00771110052543,77.64488809165127,0.8831208723698356,2.2261931393290726,3.6416827866538286,0.5581174139170149
div2k_validation,0824.png,0824_9cc33d590aa5__awgn_30_seed-20260812,awgn,30,20260812,11779788518824746650,28.17457630523758,results/vtm_noise_validation/stimuli/0824_9cc33d590aa5__awgn_30_seed-20260812.png,768,512,293ed011394a4922694bef289ed69854311cac9aa76f4f9821bc8cb88f221627,141.16074154814604,131.0579920080408,131.0579920080408,77.71071132010086,0.8830056826908309,2.228356026463463,3.6407625728512896,0.5579022261863442
div2k_validation,0824.png,0824_9cc33d590aa5__awgn_30_seed-20260813,awgn,30,20260813,11766240883732792195,28.23241122322669,results/vtm_noise_validation/stimuli/0824_9cc33d590aa5__awgn_30_seed-20260813.png,768,512,4207a3fbacf4dcf6d92d03b1ec68bf25f20939af9da2815c71682e38610bd13a,141.16074154814604,131.0962351658993,131.0962351658993,77.72551064291153,0.8833589310397788,2.231114288483651,3.641672952222434,0.5579284780152902
div2k_validation,0825.png,0825_475c494bec57__clean_0,clean,0,,,0.0,results/vtm_noise_validation/stimuli/0825_475c494bec57__clean_0.png,768,512,475c494bec5708c6a3847b42dc4957ed57532dc04f3b3211562de4911c238a8d,133.1731659286595,133.1731659286595,133.1731659286595,71.46549998285772,0.4619259714329596,0.688512145071439,2.9581747853610976,0.83498688552061
div2k_validation,0825.png,0825_475c494bec57__awgn_30_seed-20260811,awgn,30,20260811,10707830273321977229,28.050375309301582,results/vtm_noise_validation/stimuli/0825_475c494bec57__awgn_30_seed-20260811.png,768,512,b345117867e6f7ff5b1a477f42bd8f2260911d5754183bffa912999d70525558,133.1731659286595,127.24906449516813,127.24906449516813,73.94244550778328,0.8684533865765628,2.044995719477078,3.629731897848315,0.5827450757361161
div2k_validation,0825.png,0825_475c494bec57__awgn_30_seed-20260812,awgn,30,20260812,13100509462856888355,27.99193161565236,results/vtm_noise_validation/stimuli/0825_475c494bec57__awgn_30_seed-20260812.png,768,512,09ca7357d7cb619b5f4e3a0ee250a0f0b75e8979ac78bb0d6fa0ce9e2d970122,133.1731659286595,127.32474014322794,127.32474014322794,74.02739519661827,0.8684713049710746,2.0406625276218926,3.6283187540899453,0.5836856300757304
div2k_validation,0825.png,0825_475c494bec57__awgn_30_seed-20260813,awgn,30,20260813,8055446370599864257,27.966648765925004,results/vtm_noise_validation/stimuli/0825_475c494bec57__awgn_30_seed-20260813.png,768,512,9cf450e0885fc0ea7d0020e68147ef6ba1132a222b1ae1f67327e1410e2b49db,133.1731659286595,127.15209751734454,127.15209751734454,74.00657634187867,0.8691880407515487,2.04287630840211,3.628713731654436,0.5833565704440435
div2k_validation,0827.png,0827_378830cf9b00__clean_0,clean,0,,,0.0,results/vtm_noise_validation/stimuli/0827_378830cf9b00__clean_0.png,768,512,378830cf9b00885754daef8959496b9a44d53e92812c7ff44f169520b6b41c55,66.4937141312653,66.4937141312653,66.4937141312653,32.33629834992541,0.12800901039266882,0.2103645618388606,1.7632764984687663,0.9237791589920268
div2k_validation,0827.png,0827_378830cf9b00__awgn_30_seed-20260811,awgn,30,20260811,4957608456796895934,26.95342122233055,results/vtm_noise_validation/stimuli/0827_378830cf9b00__awgn_30_seed-20260811.png,768,512,4d0572b0a3bf8b2eb7193544ca0b4bd3295a220572f575421ce118ef7b0ee216,66.4937141312653,80.24640225109593,80.24640225109593,40.63536576419398,0.8286156760354272,1.4124053077115497,2.7039400987452984,0.6328926405847382
div2k_validation,0827.png,0827_378830cf9b00__awgn_30_seed-20260812,awgn,30,20260812,7305854176659034297,26.997575391999785,results/vtm_noise_validation/stimuli/0827_378830cf9b00__awgn_30_seed-20260812.png,768,512,b8404d86cbda5102965d318dda42b371d07b3d72e275d1728e07cc18bd160730,66.4937141312653,80.23980339318504,80.23980339318504,40.584768156020594,0.8287564634208775,1.4156253221679282,2.7068958361831177,0.632567903697995
div2k_validation,0827.png,0827_378830cf9b00__awgn_30_seed-20260813,awgn,30,20260813,3610363577041599076,26.95586390635604,results/vtm_noise_validation/stimuli/0827_378830cf9b00__awgn_30_seed-20260813.png,768,512,8f49b6c6e81fd4db96c972c62e8e2476c3c25104111f7c00c69cd72d021d72ab,66.4937141312653,80.50288599986338,80.50288599986338,40.610906108361156,0.8288614140173041,1.4077444783822348,2.7043848909367396,0.6336503449265991
div2k_validation,0831.png,0831_e9802403d175__clean_0,clean,0,,,0.0,results/vtm_noise_validation/stimuli/0831_e9802403d175__clean_0.png,768,512,e9802403d1751bda58fac1a69392e7d3d4fb55569e94c2895994665ca575cc26,89.9438846018558,89.9438846018558,89.9438846018558,55.14301858703364,0.3015205037628628,0.31185227386406067,2.5032802816608153,0.8930726368239091
div2k_validation,0831.png,0831_e9802403d175__awgn_30_seed-20260811,awgn,30,20260811,16778357469825422811,28.64152620614263,results/vtm_noise_validation/stimuli/0831_e9802403d175__awgn_30_seed-20260811.png,768,512,cbf8067714d26d7998eadf8dbeffcc4b1232a025dffc22ecbaa41741bd18fbb4,89.9438846018558,92.78968877989922,92.78968877989922,60.44218395124205,0.8671402242359084,1.9078151069938376,3.5768778457124712,0.5672024966356759
div2k_validation,0831.png,0831_e9802403d175__awgn_30_seed-20260812,awgn,30,20260812,18233368855492441063,28.65003589852011,results/vtm_noise_validation/stimuli/0831_e9802403d175__awgn_30_seed-20260812.png,768,512,2c19481eea170f94618017ca991ec6d8adbe2b1cae3a583f83568e0354ec4d9a,89.9438846018558,92.49190586577757,92.49190586577757,60.39609139848339,0.8671632621717095,1.899990451985773,3.5754171382227953,0.5679513605019433
div2k_validation,0831.png,0831_e9802403d175__awgn_30_seed-20260813,awgn,30,20260813,8496713089554582828,28.61366849496204,results/vtm_noise_validation/stimuli/0831_e9802403d175__awgn_30_seed-20260813.png,768,512,0a81371fa73f7db0fdc60dc74030eabfdb04ab1c0049b87dd9dd01a80f5a8a75,89.9438846018558,92.46061530793165,92.46061530793165,60.4422805536514,0.866277581528695,1.897646967676725,3.574842536071524,0.5684895810958461
div2k_validation,0832.png,0832_c9fd9a322335__clean_0,clean,0,,,0.0,results/vtm_noise_validation/stimuli/0832_c9fd9a322335__clean_0.png,768,512,c9fd9a322335d63d8f34b76b81f02d05e26cfd9ff561893dfdbf94b775f0928e,70.77403830380656,70.77403830380656,70.77403830380656,63.415579928873306,0.15658373009778323,0.17173961181434028,2.2837564103070296,0.9364456618595076
div2k_validation,0832.png,0832_c9fd9a322335__awgn_30_seed-20260811,awgn,30,20260811,13041795183191476033,27.40190583629358,results/vtm_noise_validation/stimuli/0832_c9fd9a322335__awgn_30_seed-20260811.png,768,512,bcf921e05b2f10e0180cb41e1ca0b91344e7748f4dc536f6e51176359c43533a,70.77403830380656,82.51297112159824,82.51297112159824,66.98286443851838,0.837062919162443,1.5224074475743499,3.2811348215554035,0.6142954817098547
div2k_validation,0832.png,0832_c9fd9a322335__awgn_30_seed-20260812,awgn,30,20260812,4361580252946430831,27.354741791845434,results/vtm_noise_validation/stimuli/0832_c9fd9a322335__awgn_30_seed-20260812.png,768,512,b70473e42b34c4781e03f08bd2b18c5a49b4e710cbefe73e8d076fb43e53cc66,70.77403830380656,82.22429277944232,82.22429277944232,66.9059713210198,0.8368248604924998,1.5191634561498935,3.281152409301385,0.6148211031480735
div2k_validation,0832.png,0832_c9fd9a322335__awgn_30_seed-20260813,awgn,30,20260813,18042935283783908061,27.377876351262994,results/vtm_noise_validation/stimuli/0832_c9fd9a322335__awgn_30_seed-20260813.png,768,512,5469cf6f0ccb87731924cc0920ec40385069b5aa66b36fa149d0ffce92397328,70.77403830380656,82.19952034842171,82.19952034842171,66.94431577561232,0.836374340859059,1.5209547800112806,3.2819520436734573,0.6147215125574024
div2k_validation,0833.png,0833_800df5126865__clean_0,clean,0,,,0.0,results/vtm_noise_validation/stimuli/0833_800df5126865__clean_0.png,768,512,800df51268656e796f05808f1c1fa6b0643c57fb5ed3bf83f5da01d2e82e4dcd,80.08168792571095,80.08168792571095,80.08168792571095,68.35604191774621,0.1375390365023294,0.19333229138295294,1.9662129407798343,0.9420355554562085
div2k_validation,0833.png,0833_800df5126865__awgn_30_seed-20260811,awgn,30,20260811,7234645431922819836,27.795263222590975,results/vtm_noise_validation/stimuli/0833_800df5126865__awgn_30_seed-20260811.png,768,512,7abf848d89807978ac3a4db97e89bc504d89c0ec564d68c86b9f9fb94b04094d,80.08168792571095,88.51511230636999,88.51511230636999,71.58124216203801,0.8408718578815338,1.593526046364222,3.2858557675172175,0.6035124133806544
div2k_validation,0833.png,0833_800df5126865__awgn_30_seed-20260812,awgn,30,20260812,10779938791484801536,27.81633109805885,results/vtm_noise_validation/stimuli/0833_800df5126865__awgn_30_seed-20260812.png,768,512,e4dd7309ac207d41c35fc9e7b2a6b361a77d09dcaeda24600781ffae4f86376f,80.08168792571095,88.49039572602057,88.49039572602057,71.5941946148663,0.8414196487994675,1.5952369565625875,3.286254951450522,0.6036280938449133
div2k_validation,0833.png,0833_800df5126865__awgn_30_seed-20260813,awgn,30,20260813,11522220290898074309,27.86587192491165,results/vtm_noise_validation/stimuli/0833_800df5126865__awgn_30_seed-20260813.png,768,512,80464b4da9f1b6ab10b20bd244a6e8e9b95986ef78d40d91576440cca08fc3ed,80.08168792571095,88.9329158361399,88.9329158361399,71.5983533425131,0.8422029386166999,1.600914145557699,3.2885315929293903,0.6028050729850714
div2k_validation,0835.png,0835_c6c719060705__clean_0,clean,0,,,0.0,results/vtm_noise_validation/stimuli/0835_c6c719060705__clean_0.png,768,512,c6c719060705138bc88c80e1856185e942fb3be5356fdc8ccbcfb8b392322fd6,97.69535284745326,97.69535284745326,97.69535284745326,57.96638747964641,0.5975502994931654,0.7651425612101456,3.124152483015944,0.7676509477421634
div2k_validation,0835.png,0835_c6c719060705__awgn_30_seed-20260811,awgn,30,20260811,839867594481428302,29.02769655969707,results/vtm_noise_validation/stimuli/0835_c6c719060705__awgn_30_seed-20260811.png,768,512,25ddc9997785f9467beb8e748fd4399fd643ff7a68e4b0f7b96582c8ced4ae3d,97.69535284745326,104.42861972823255,104.42861972823255,63.74911347043558,0.9011237393129575,2.274466667065992,3.705806366125348,0.5422091090705558
div2k_validation,0835.png,0835_c6c719060705__awgn_30_seed-20260812,awgn,30,20260812,9918704998727921452,29.00866008670586,results/vtm_noise_validation/stimuli/0835_c6c719060705__awgn_30_seed-20260812.png,768,512,2213314a8566489c1fb777e32bb6f355f901486e505f99d267d0a3c7d36e1ec5,97.69535284745326,104.63936208073667,104.63936208073667,63.72054111041493,0.9000537551835356,2.2751221542181845,3.7058615062494353,0.5416213389794797
div2k_validation,0835.png,0835_c6c719060705__awgn_30_seed-20260813,awgn,30,20260813,6514449618395202739,28.99678916256559,results/vtm_noise_validation/stimuli/0835_c6c719060705__awgn_30_seed-20260813.png,768,512,aaf4d82671c5665abb9bb6294484f7a09bcf21b8339418f6a0fa005565e15e80,97.69535284745326,104.81255294845782,104.81255294845782,63.71416052676287,0.9005068345876209,2.2726794822194796,3.7055132486040194,0.5418749911785313
div2k_validation,0837.png,0837_c3f1b83cecb7__clean_0,clean,0,,,0.0,results/vtm_noise_validation/stimuli/0837_c3f1b83cecb7__clean_0.png,768,512,c3f1b83cecb7e78c844bc657572f511d1e0d59ef0e97784b272393f87356aca3,115.83936296050577,115.83936296050577,115.83936296050577,57.27549199313855,0.3738954589668766,0.5419381651957935,2.6990584221546845,0.8605308615690536
div2k_validation,0837.png,0837_c3f1b83cecb7__awgn_30_seed-20260811,awgn,30,20260811,11478450625294225876,27.904866274324327,results/vtm_noise_validation/stimuli/0837_c3f1b83cecb7__awgn_30_seed-20260811.png,768,512,918061529b1df5d3f1c5d5fda725ba537b58cd241bf463504fc1c385e5962d2a,115.83936296050577,111.37539236510938,111.37539236510938,61.81149746068867,0.8645446168023345,1.9378162457357893,3.4611947801571006,0.5825151799607337
div2k_validation,0837.png,0837_c3f1b83cecb7__awgn_30_seed-20260812,awgn,30,20260812,16809219869547984564,27.900735239711945,results/vtm_noise_validation/stimuli/0837_c3f1b83cecb7__awgn_30_seed-20260812.png,768,512,2c21644fcc044bd77c6fda9817662124c5754c8adbb04f3a1a478494507b32e4,115.83936296050577,111.43275343561608,111.43275343561608,61.81066387119271,0.8650104950596427,1.9381802822058827,3.461428070307556,0.5828158513878716
div2k_validation,0837.png,0837_c3f1b83cecb7__awgn_30_seed-20260813,awgn,30,20260813,3949196864562796157,27.907488172857192,results/vtm_noise_validation/stimuli/0837_c3f1b83cecb7__awgn_30_seed-20260813.png,768,512,a9f7e70c72315253e3d3bb47ae89dd389f1cbd878dba0ed839091fdcd23de3d2,115.83936296050577,111.68538349032386,111.68538349032386,61.87888945369774,0.8644268673526851,1.9424349905817666,3.4613156434714574,0.5823524982819962
div2k_validation,0838.png,0838_d77e6c99551e__clean_0,clean,0,,,0.0,results/vtm_noise_validation/stimuli/0838_d77e6c99551e__clean_0.png,768,512,d77e6c99551e76353b747ce72c3a87e868ff6107c77950b6a55ab6f610435ead,18.734928787407632,18.734928787407632,18.734928787407632,41.12670705406755,0.04443761838939231,0.11531496017031012,1.9826122073548316,0.9425070288753093
div2k_validation,0838.png,0838_d77e6c99551e__awgn_30_seed-20260811,awgn,30,20260811,5131668710055686531,29.186266375440198,results/vtm_noise_validation/stimuli/0838_d77e6c99551e__awgn_30_seed-20260811.png,768,512,1fe8fd9c73ad87681f9cba6281b8d4d3824b7ee5bca53e695ccdb14f4b14d2d4,18.734928787407632,67.85386117037561,67.85386117037561,49.71817567724164,0.8537628628474888,1.8150549440749033,3.381933776075001,0.5679845740112879
div2k_validation,0838.png,0838_d77e6c99551e__awgn_30_seed-20260812,awgn,30,20260812,3840689921183344918,29.220606497741723,results/vtm_noise_validation/stimuli/0838_d77e6c99551e__awgn_30_seed-20260812.png,768,512,42904a8658a0d806a72809119911b491d9d83936b773cf6b1f016c018068d42b,18.734928787407632,67.95024116526844,67.95024116526844,49.627716137299714,0.855298725234219,1.809295548688044,3.3811187276832273,0.5684271175057565
div2k_validation,0838.png,0838_d77e6c99551e__awgn_30_seed-20260813,awgn,30,20260813,7186236517007500747,29.1677918426011,results/vtm_noise_validation/stimuli/0838_d77e6c99551e__awgn_30_seed-20260813.png,768,512,cf3dd2fd134e50c1c49f293973dd9e6736202e18a7bc3dbabb93c81c9882d6ee,18.734928787407632,68.0097823427515,68.0097823427515,49.72221237694216,0.8530922029386167,1.8080869841678693,3.3823690079838906,0.5686267355648501
div2k_validation,0839.png,0839_ab39762643b7__clean_0,clean,0,,,0.0,results/vtm_noise_validation/stimuli/0839_ab39762643b7__clean_0.png,768,512,ab39762643b74ec487ae64836a4ba304b8d07d2ea4848c767c3a1f6953d26789,48.93564208050315,48.93564208050315,48.93564208050315,48.638558265798835,0.2664439666205908,0.24057428126669061,2.3983188572933503,0.8908278869325637
div2k_validation,0839.png,0839_ab39762643b7__awgn_30_seed-20260811,awgn,30,20260811,11158180662501833246,28.208293950453914,results/vtm_noise_validation/stimuli/0839_ab39762643b7__awgn_30_seed-20260811.png,768,512,d4295f898966739b012ccc0d5841d71e73597c3936540e065b3c64e69e4bb057,48.93564208050315,74.7915663082722,74.7915663082722,54.464635259672555,0.8482619157323504,1.698472856497425,3.3259762296481328,0.5917225375944017
div2k_validation,0839.png,0839_ab39762643b7__awgn_30_seed-20260812,awgn,30,20260812,15392102183816838238,28.222114551101843,results/vtm_noise_validation/stimuli/0839_ab39762643b7__awgn_30_seed-20260812.png,768,512,f881267139d1f5fb256c1a2210d441f84bfa9538cd6656f6de0994b7af9b588f,48.93564208050315,74.97783120428399,74.97783120428399,54.48606628333778,0.8474427891260943,1.6998831522090123,3.3274055960773414,0.5916705631769774
div2k_validation,0839.png,0839_ab39762643b7__awgn_30_seed-20260813,awgn,30,20260813,7217516314900301294,28.2234004551534,results/vtm_noise_validation/stimuli/0839_ab39762643b7__awgn_30_seed-20260813.png,768,512,62d867eba4320466a352bc74fbe19bcdf30032a71d3e09dac1bc108eff9615e1,48.93564208050315,74.63031451418506,74.63031451418506,54.446735414647186,0.8490682434853837,1.6950829455923135,3.3258717210479976,0.5918211023388001
div2k_validation,0843.png,0843_4bd8556cb805__clean_0,clean,0,,,0.0,results/vtm_noise_validation/stimuli/0843_4bd8556cb805__clean_0.png,768,512,4bd8556cb805429da30df8386db6da467cf1ffed25f67b7d819c69d26c064cef,66.78020351487282,66.78020351487282,66.78020351487282,64.51762292419004,0.1387318896226898,0.20653397396097778,2.4108888391054055,0.9282091030933661
div2k_validation,0843.png,0843_4bd8556cb805__awgn_30_seed-20260811,awgn,30,20260811,10659667478836861109,28.270240711887126,results/vtm_noise_validation/stimuli/0843_4bd8556cb805__awgn_30_seed-20260811.png,768,512,a4688de41bb20a40944fcc34dcaba793cb00ea8c7e1ce0e0dd197438d2d5f686,66.78020351487282,82.94698413682487,82.94698413682487,69.0160023312364,0.8475477397225208,1.683684568715364,3.510069395833285,0.5943024597748993
div2k_validation,0843.png,0843_4bd8556cb805__awgn_30_seed-20260812,awgn,30,20260812,17778329836125886591,28.32665854724682,results/vtm_noise_validation/stimuli/0843_4bd8556cb805__awgn_30_seed-20260812.png,768,512,53550bee53696cd666113a5aecdc0042c3355f4ddfeb9bac6e8c87d869d71df0,66.78020351487282,82.9842048726422,82.9842048726422,68.97358847497838,0.8471637741258383,1.686835025961602,3.511988051892497,0.5935731582882524
div2k_validation,0843.png,0843_4bd8556cb805__awgn_30_seed-20260813,awgn,30,20260813,6881640258467122219,28.311251558760254,results/vtm_noise_validation/stimuli/0843_4bd8556cb805__awgn_30_seed-20260813.png,768,512,891037824e59ef3c9470ccc2569dc0879848409f3da57044a449fb4cd8217bb4,66.78020351487282,83.149128704731,83.149128704731,68.99500538541649,0.8485178927968055,1.6886306532855302,3.512622151303259,0.5936528207179221
div2k_validation,0845.png,0845_d1feaec5f465__clean_0,clean,0,,,0.0,results/vtm_noise_validation/stimuli/0845_d1feaec5f465__clean_0.png,768,512,d1feaec5f465a16d17d1dcdf254e9c071b17aa363efc2dc7cee188853edcc983,89.82924081804904,89.82924081804904,89.82924081804904,35.13541984862292,0.1237188347924026,0.32445458622548606,0.9293042641202569,0.9398091681501108
div2k_validation,0845.png,0845_d1feaec5f465__awgn_30_seed-20260811,awgn,30,20260811,6205045503436791406,23.45483674120976,results/vtm_noise_validation/stimuli/0845_d1feaec5f465__awgn_30_seed-20260811.png,768,512,bf09fb4affdb232465eb0b8e1bbc223a73dee69e34cbd835cbb6339bc1d6002e,89.82924081804904,91.83998251017142,91.83998251017142,39.85490515389423,0.7392131265038653,1.0170041295566423,1.9343881519780042,0.741571795973031
div2k_validation,0845.png,0845_d1feaec5f465__awgn_30_seed-20260812,awgn,30,20260812,387708388235398927,23.43670387102709,results/vtm_noise_validation/stimuli/0845_d1feaec5f465__awgn_30_seed-20260812.png,768,512,86878d5b7c84a4bb5e29313243a0b667fc6fdb9c8cc568196e49c34d84ced000,89.82924081804904,91.85982265395016,91.85982265395016,39.84468526130252,0.740472533660984,1.0128152264094208,1.9361965728129102,0.7415139181231943
div2k_validation,0845.png,0845_d1feaec5f465__awgn_30_seed-20260813,awgn,30,20260813,8485382431274988306,23.382949048684576,results/vtm_noise_validation/stimuli/0845_d1feaec5f465__awgn_30_seed-20260813.png,768,512,7f48744619cf9c3a3d72bb14de285f823ad4b74c999849203ffaf7b64b3d1f27,89.82924081804904,91.77180419403028,91.77180419403028,39.866301323586356,0.7391721701735524,1.0060139026515529,1.931470485530954,0.7425204827688614
div2k_validation,0848.png,0848_94d1ced916cd__clean_0,clean,0,,,0.0,results/vtm_noise_validation/stimuli/0848_94d1ced916cd__clean_0.png,768,512,94d1ced916cd17591becabb0b3ad9d468714e44daad51fc912731c6c25150b81,127.17155251942846,127.17155251942846,127.17155251942846,80.0098130595872,0.38518404750934315,0.782120600064817,2.949848139514243,0.8261803717916162
div2k_validation,0848.png,0848_94d1ced916cd__awgn_30_seed-20260811,awgn,30,20260811,472502835663233238,26.90975327969198,results/vtm_noise_validation/stimuli/0848_94d1ced916cd__awgn_30_seed-20260811.png,768,512,f766452656baab56d0f2a45e7556bac55c715300ac9de0396becd3eb345d2dc9,127.17155251942846,122.07022020154358,122.07022020154358,81.1186246972698,0.8473967132544924,1.9477153499165947,3.522217680393301,0.6025970161539097
div2k_validation,0848.png,0848_94d1ced916cd__awgn_30_seed-20260812,awgn,30,20260812,16914754856228261656,26.827662166808828,results/vtm_noise_validation/stimuli/0848_94d1ced916cd__awgn_30_seed-20260812.png,768,512,42c4f10c7286a72f1c141f07408b13cbccf7d0e08a74f393dd4e08ba25f816ba,127.17155251942846,121.83364344284246,121.83364344284246,81.08710077276528,0.8468002866943122,1.9401789210044438,3.5210259830834456,0.6031796302482745
div2k_validation,0848.png,0848_94d1ced916cd__awgn_30_seed-20260813,awgn,30,20260813,4344353258983084894,26.87618850327445,results/vtm_noise_validation/stimuli/0848_94d1ced916cd__awgn_30_seed-20260813.png,768,512,0232434ceaf41b3766f1478dc3b98db7c154d666d7c99d3029acf363eb97acc3,127.17155251942846,121.65035672696858,121.65035672696858,81.11129211796326,0.8485793272922746,1.943420378024588,3.522605349823714,0.6024324151867614
div2k_validation,0850.png,0850_19c99b385e12__clean_0,clean,0,,,0.0,results/vtm_noise_validation/stimuli/0850_19c99b385e12__clean_0.png,768,512,19c99b385e129c21dae2d61e1894f9bc938f7f58ee02be4bb1605db4ff989e7a,93.63643865880357,93.63643865880357,93.63643865880357,51.09894395617777,0.25149490605641733,0.39568529056753166,2.5095080009666026,0.8904514052286693
div2k_validation,0850.png,0850_19c99b385e12__awgn_30_seed-20260811,awgn,30,20260811,7653253979731712893,28.794888380094527,results/vtm_noise_validation/stimuli/0850_19c99b385e12__awgn_30_seed-20260811.png,768,512,1c3af0d4c3e7c214cf813b3d650627a39b51946753d6e7bd3e0ad5bbfd26e3e1,93.63643865880357,96.65797593477578,96.65797593477578,57.42174195245725,0.864951620334818,1.9736362605024587,3.5299795034662944,0.5684130863145574
div2k_validation,0850.png,0850_19c99b385e12__awgn_30_seed-20260812,awgn,30,20260812,2482659922088655412,28.791686599511085,results/vtm_noise_validation/stimuli/0850_19c99b385e12__awgn_30_seed-20260812.png,768,512,af54f5f8878c764fd5fcf44a10b71afd9c1bba85bc02659cc79a103fbb963d34,93.63643865880357,96.86857525389273,96.86857525389273,57.29590384390271,0.8655250089591973,1.9707632289609576,3.5275929116892355,0.5686908118020649
div2k_validation,0850.png,0850_19c99b385e12__awgn_30_seed-20260813,awgn,30,20260813,16579909480486117925,28.707649861372335,results/vtm_noise_validation/stimuli/0850_19c99b385e12__awgn_30_seed-20260813.png,768,512,0b053476f642192df24f552f95fe8d459be393bdb3046eff830b144a047dbd08,93.63643865880357,96.7185933822308,96.7185933822308,57.30478573543595,0.8635898223519173,1.9656595229636977,3.526306801852659,0.5695047686586132
div2k_validation,0852.png,0852_546d7a54b41b__clean_0,clean,0,,,0.0,results/vtm_noise_validation/stimuli/0852_546d7a54b41b__clean_0.png,768,512,546d7a54b41b3503e8fac4b311ea38ed602bc6cf83074f8648915f3b0b1600b7,80.80941080434124,80.80941080434124,80.80941080434124,30.56619311555455,0.2967542108227103,0.31168804670709727,1.4824040795823996,0.8997671495042889
div2k_validation,0852.png,0852_546d7a54b41b__awgn_30_seed-20260811,awgn,30,20260811,4058825208788583830,24.414096249976673,results/vtm_noise_validation/stimuli/0852_546d7a54b41b__awgn_30_seed-20260811.png,768,512,8cb87596a9828c1a14faa53b2eb3332bcb4c6a2525dfa00fe6575a3882277b68,80.80941080434124,82.83014538462403,82.83014538462403,36.03631537001554,0.7739773716275021,1.1246279338327438,2.223470830614189,0.70306132292473
div2k_validation,0852.png,0852_546d7a54b41b__awgn_30_seed-20260812,awgn,30,20260812,11460511596401735980,24.39606023781203,results/vtm_noise_validation/stimuli/0852_546d7a54b41b__awgn_30_seed-20260812.png,768,512,a356ddffac2592b3fb791cf9c6953c0176330bc30d2de93cde82186b74d93295,80.80941080434124,83.46126297656427,83.46126297656427,36.12984648780117,0.7729304254338811,1.1267224294251745,2.223691835484334,0.7036443692414901
div2k_validation,0852.png,0852_546d7a54b41b__awgn_30_seed-20260813,awgn,30,20260813,2569595887914282059,24.398182231126732,results/vtm_noise_validation/stimuli/0852_546d7a54b41b__awgn_30_seed-20260813.png,768,512,8c70bc315fd51c5d66bd74b106161ed364cf5ab4bf75c5b93d2a683934a52f32,80.80941080434124,83.21226151813433,83.21226151813433,36.062025511469486,0.7731224082322224,1.1288378077948698,2.2244198146086624,0.7029685722290882
div2k_validation,0854.png,0854_5dbe58ef7f9a__clean_0,clean,0,,,0.0,results/vtm_noise_validation/stimuli/0854_5dbe58ef7f9a__clean_0.png,768,512,5dbe58ef7f9aaf57a9bec75b9287af3a8df02a3ce39246f73d971832cfd3010f,125.0396752537208,125.0396752537208,125.0396752537208,52.265941552606805,0.5881098653560641,0.8834947510098881,2.9141643086171154,0.7681623271067544
div2k_validation,0854.png,0854_5dbe58ef7f9a__awgn_30_seed-20260811,awgn,30,20260811,9833583610322060841,29.233935647962937,results/vtm_noise_validation/stimuli/0854_5dbe58ef7f9a__awgn_30_seed-20260811.png,768,512,49ced0ca1f4b205b175e3ce9077d282fd10b9e8b4b8c8c0d95a2da4e68f5fa4d,125.0396752537208,123.78877413001345,123.78877413001345,59.03637424184144,0.9049813136742948,2.472349101210117,3.6476195637918183,0.5280511237148904
div2k_validation,0854.png,0854_5dbe58ef7f9a__awgn_30_seed-20260812,awgn,30,20260812,450640979350772585,29.223687316112848,results/vtm_noise_validation/stimuli/0854_5dbe58ef7f9a__awgn_30_seed-20260812.png,768,512,7613d7ed8ebf1c334b1373776a774d6b46b8ea6cf59d5f0f8990544ff86980ba,125.0396752537208,123.69688806375468,123.69688806375468,59.05097836355035,0.9051041826652332,2.4752191332427946,3.6473709961400154,0.5278501646911157
div2k_validation,0854.png,0854_5dbe58ef7f9a__awgn_30_seed-20260813,awgn,30,20260813,8571340575924242099,29.17044220238832,results/vtm_noise_validation/stimuli/0854_5dbe58ef7f9a__awgn_30_seed-20260813.png,768,512,e9a8c692ed7aa58efdb40d7f6b0aa893b1a3d0f579cd858cc0c2dcee3e202215,125.0396752537208,123.75397905242602,123.75397905242602,58.988720994078264,0.9045947883069677,2.4652939034771797,3.6445851416785615,0.5284162937288813
div2k_validation,0861.png,0861_5084e24ea91b__clean_0,clean,0,,,0.0,results/vtm_noise_validation/stimuli/0861_5084e24ea91b__clean_0.png,768,512,5084e24ea91b5b8024c8aeed3cec7fbdb4934be43d5e54bbc2008096150e68e3,151.95161271421892,151.95161271421892,151.95161271421892,89.6013008385591,0.4827906619566887,1.042226993851212,2.866817370321793,0.8033911452264277
div2k_validation,0861.png,0861_5084e24ea91b__awgn_30_seed-20260811,awgn,30,20260811,853321590901728587,26.206350165588965,results/vtm_noise_validation/stimuli/0861_5084e24ea91b__awgn_30_seed-20260811.png,768,512,6d20125e8824ad569aeacb2487321e7dd5b0e62039537dcbf73c57b0660e7408,151.95161271421892,140.2301631150849,140.2301631150849,88.2609596378962,0.8408053038447755,2.0398655988657772,3.406747004056104,0.6242386546167586
div2k_validation,0861.png,0861_5084e24ea91b__awgn_30_seed-20260812,awgn,30,20260812,8641298146843257312,26.14578797436512,results/vtm_noise_validation/stimuli/0861_5084e24ea91b__awgn_30_seed-20260812.png,768,512,6155d3d5a15eb9ed15454b8e9d665515aae2ca784d871599ea1364c3327a0cff,151.95161271421892,140.2497532994507,140.2497532994507,88.2609040319133,0.8395868530179695,2.042241133028342,3.4081934220518946,0.6238586549129651
div2k_validation,0861.png,0861_5084e24ea91b__awgn_30_seed-20260813,awgn,30,20260813,161958847886104011,26.149535076416328,results/vtm_noise_validation/stimuli/0861_5084e24ea91b__awgn_30_seed-20260813.png,768,512,7582be904ce64e8de420764e796e4564cce3a3dbd24f9f6896b4b238cc0d94b3,151.95161271421892,140.13844008423,140.13844008423,88.23422704050004,0.8384503148517892,2.0368479368475514,3.4057641081564447,0.6243614508487889
div2k_validation,0862.png,0862_00c124fd26c9__clean_0,clean,0,,,0.0,results/vtm_noise_validation/stimuli/0862_00c124fd26c9__clean_0.png,768,512,00c124fd26c9d5a321a02d65e3f14ed2b1cbf401c9ad78017bbaa45aca12adfc,38.98802839276486,38.98802839276486,38.98802839276486,29.79945813341477,0.3009394358265499,0.24644209708301867,2.0575794094333597,0.8815270479319035
div2k_validation,0862.png,0862_00c124fd26c9__awgn_30_seed-20260811,awgn,30,20260811,10132266129474561789,29.81597948329074,results/vtm_noise_validation/stimuli/0862_00c124fd26c9__awgn_30_seed-20260811.png,768,512,bd2c5e0d7c8c3c1f53ebe8a5d52c4ce11829bf96f0034ef2a3e8ea972ddc0025,38.98802839276486,74.2123079629541,74.2123079629541,42.004645892372224,0.8770158193825833,2.003923127479937,3.3042899595391106,0.5492280393176239
div2k_validation,0862.png,0862_00c124fd26c9__awgn_30_seed-20260812,awgn,30,20260812,11050938087221332995,29.854876392461914,results/vtm_noise_validation/stimuli/0862_00c124fd26c9__awgn_30_seed-20260812.png,768,512,26d4ae4f54a8a52276d91fac7f62743d2d89a3346dfc07aba58d986241ae930b,38.98802839276486,74.50034448818465,74.50034448818465,42.044458256032335,0.8764757077765832,2.0142589108110807,3.307646636686137,0.547969817260918
div2k_validation,0862.png,0862_00c124fd26c9__awgn_30_seed-20260813,awgn,30,20260813,50112686020007661,29.784041859275877,results/vtm_noise_validation/stimuli/0862_00c124fd26c9__awgn_30_seed-20260813.png,768,512,1a94ffca0aa630244c6cf2940584b78862383e922de86f701f6d6f7d9574f526,38.98802839276486,74.21211328832156,74.21211328832156,42.01665620528682,0.8761378180515026,2.0029364244557852,3.3051127407732928,0.5492080633866028
div2k_validation,0864.png,0864_e7333a0e85e7__clean_0,clean,0,,,0.0,results/vtm_noise_validation/stimuli/0864_e7333a0e85e7__clean_0.png,768,512,e7333a0e85e7a4978a7bb4e048cba1f4204adb46d08b6f2db041ee194e241ad3,50.25824520930053,50.25824520930053,50.25824520930053,38.513979997826624,0.3362821891158552,0.24542174374750703,2.2377244512053496,0.8867253956399405
div2k_validation,0864.png,0864_e7333a0e85e7__awgn_30_seed-20260811,awgn,30,20260811,13802870094781350988,28.830061210525887,results/vtm_noise_validation/stimuli/0864_e7333a0e85e7__awgn_30_seed-20260811.png,768,512,f551f546491d2e2ee86f6e26f4cc3c575588fadde12521ca1ad1d56240198e13,50.25824520930053,76.7475362580945,76.7475362580945,46.86749379695529,0.8635079096912917,1.7834518159666763,3.2469242607465114,0.5797629726295646
div2k_validation,0864.png,0864_e7333a0e85e7__awgn_30_seed-20260812,awgn,30,20260812,126433375637130616,28.88466606902823,results/vtm_noise_validation/stimuli/0864_e7333a0e85e7__awgn_30_seed-20260812.png,768,512,a44dfe4ec59a2fa1f4d1e8381a2e49c57129761f5347ac199d4b97303db770af,50.25824520930053,76.58973933259864,76.58973933259864,46.892425028000126,0.8628321302411304,1.7924632935201215,3.2496055291146124,0.5792876289501496
div2k_validation,0864.png,0864_e7333a0e85e7__awgn_30_seed-20260813,awgn,30,20260813,6938771555364551717,28.818758888108132,results/vtm_noise_validation/stimuli/0864_e7333a0e85e7__awgn_30_seed-20260813.png,768,512,77961621952e0b4df5552f9b2973ba2a10ea20fce6594cecfd9c6f47221d7d4f,50.25824520930053,76.5272780406473,76.5272780406473,46.86909637778114,0.8635027901500025,1.7837307607359674,3.2484669812259286,0.5794062331179213
div2k_validation,0865.png,0865_1d4f2b88e397__clean_0,clean,0,,,0.0,results/vtm_noise_validation/stimuli/0865_1d4f2b88e397__clean_0.png,768,512,1d4f2b88e397c3b929b461d4458e00324fa71c5928bd1cb600d8c1241584be0a,70.93902952250797,70.93902952250797,70.93902952250797,48.24696916133253,0.3545051963344084,0.34391073181351,2.6035518076280866,0.8711301800463871
div2k_validation,0865.png,0865_1d4f2b88e397__awgn_30_seed-20260811,awgn,30,20260811,3121737122569310299,29.483675820571936,results/vtm_noise_validation/stimuli/0865_1d4f2b88e397__awgn_30_seed-20260811.png,768,512,2ceb89c01af0c70a83576a751a575dc3a82619368e34f481edc34d4030b73734,70.93902952250797,86.21157823145997,86.21157823145997,56.00432384314554,0.8807889213126504,2.0252727351257453,3.5977463475879397,0.5514055199574364
div2k_validation,0865.png,0865_1d4f2b88e397__awgn_30_seed-20260812,awgn,30,20260812,2499261996947101189,29.4626553470539,results/vtm_noise_validation/stimuli/0865_1d4f2b88e397__awgn_30_seed-20260812.png,768,512,92499813529c96e67ef4392ee8f357cd147188ebd2c7e25c6fa79d7f8aa8f408,70.93902952250797,86.20757166829786,86.20757166829786,55.998945527067505,0.8801157016331337,2.024892004725887,3.5975277102000818,0.5522092011536768
div2k_validation,0865.png,0865_1d4f2b88e397__awgn_30_seed-20260813,awgn,30,20260813,7931321269963032407,29.525532680683764,results/vtm_noise_validation/stimuli/0865_1d4f2b88e397__awgn_30_seed-20260813.png,768,512,425f72502b695f656062fb3702714586bd2f72211a67cca9ed48f8c53ae620f0,70.93902952250797,86.04511049088443,86.04511049088443,56.06079136653538,0.8811165719551528,2.02985226543238,3.5992885116709568,0.5517459079584034
div2k_validation,0868.png,0868_46a18f1b41a1__clean_0,clean,0,,,0.0,results/vtm_noise_validation/stimuli/0868_46a18f1b41a1__clean_0.png,768,512,46a18f1b41a1374d03fa9a183b5ee3bd24c5050f5072a8a4b1d741c6c93c02f0,107.6659965221007,107.6659965221007,107.6659965221007,64.29918080879925,0.24884554343930784,0.5270744424453366,2.6171277598489295,0.8251693551748887
div2k_validation,0868.png,0868_46a18f1b41a1__awgn_30_seed-20260811,awgn,30,20260811,1268776939606810684,27.569521562504203,results/vtm_noise_validation/stimuli/0868_46a18f1b41a1__awgn_30_seed-20260811.png,768,512,4adb63141e8d062d20ac70252b4f55f8ba5e5d129fe3d23192b1ee8ebc3ccce9,107.6659965221007,104.18621308347834,104.18621308347834,68.53312140508432,0.8561229713817642,1.702934227833624,3.280716112784985,0.5984103387409191
div2k_validation,0868.png,0868_46a18f1b41a1__awgn_30_seed-20260812,awgn,30,20260812,10121522199522748396,27.560234870592687,results/vtm_noise_validation/stimuli/0868_46a18f1b41a1__awgn_30_seed-20260812.png,768,512,6e0835534205ad432c45f641b478f8cee082b4da13d7ae38b86e9b2a33fca279,107.6659965221007,103.91637636893674,103.91637636893674,68.53367501877374,0.8560487380330722,1.7014650594422167,3.280613308789455,0.5979968119311965
div2k_validation,0868.png,0868_46a18f1b41a1__awgn_30_seed-20260813,awgn,30,20260813,5662443038831967731,27.54531557628157,results/vtm_noise_validation/stimuli/0868_46a18f1b41a1__awgn_30_seed-20260813.png,768,512,7a8abd7c5e561d70b8824bf22c234a88712cf65a5bd8f86b85a99c7369299919,107.6659965221007,103.8337338177476,103.8337338177476,68.6029229188008,0.8552372907387498,1.6965382488860348,3.2783152390209613,0.5993504150895107
div2k_validation,0870.png,0870_574461ba2ec1__clean_0,clean,0,,,0.0,results/vtm_noise_validation/stimuli/0870_574461ba2ec1__clean_0.png,768,512,574461ba2ec1090fe590a968ef3491debd4f6711f02d0de52631ebb35222da5b,79.8099567622449,79.8099567622449,79.8099567622449,49.19625973806872,0.5511621358726259,0.3805716360180069,2.686094286837206,0.8469796399376635
div2k_validation,0870.png,0870_574461ba2ec1__awgn_30_seed-20260811,awgn,30,20260811,4956418738604445276,29.01973868170244,results/vtm_noise_validation/stimuli/0870_574461ba2ec1__awgn_30_seed-20260811.png,768,512,082f00d507565d919e2aa9198cf2609b1e56073e1270827efd799705094a9c25,79.8099567622449,93.94537551555155,93.94537551555155,56.11467562050947,0.8875339169610403,1.9501886810232736,3.5314864294523414,0.5631557979276671
div2k_validation,0870.png,0870_574461ba2ec1__awgn_30_seed-20260812,awgn,30,20260812,16200797382660152296,28.940011120811423,results/vtm_noise_validation/stimuli/0870_574461ba2ec1__awgn_30_seed-20260812.png,768,512,931098a1439b4f994c13f8a15a34558809b9a3e9b46a84ccd83647c9296093d5,79.8099567622449,93.57085092135691,93.57085092135691,56.05067693127968,0.8868171811805662,1.9385649323570604,3.527548692296187,0.564519769264853
div2k_validation,0870.png,0870_574461ba2ec1__awgn_30_seed-20260813,awgn,30,20260813,11332077899428714371,29.044666224771778,results/vtm_noise_validation/stimuli/0870_574461ba2ec1__awgn_30_seed-20260813.png,768,512,ee64c4eb2006134c669372debb6de5f3ac2a7b60523bda27b2849e7edbf9bc79,79.8099567622449,93.85057440611745,93.85057440611745,56.08123633054247,0.8887165309988225,1.9537174497106413,3.531228639819696,0.5628385125538913
div2k_validation,0873.png,0873_0deda35195d8__clean_0,clean,0,,,0.0,results/vtm_noise_validation/stimuli/0873_0deda35195d8__clean_0.png,768,512,0deda35195d87f2f663124bc61c235518e7d4abbe1ca951c59f019d1c76ccfef,131.52933438983996,131.52933438983996,131.52933438983996,46.08941327045419,0.5168714483182307,0.8911358354966009,2.682108542419058,0.7955188402898569
div2k_validation,0873.png,0873_0deda35195d8__awgn_30_seed-20260811,awgn,30,20260811,6899668685978867821,28.849219501059512,results/vtm_noise_validation/stimuli/0873_0deda35195d8__awgn_30_seed-20260811.png,768,512,29f600436a8cf5223461f89b7923fb553b15b3ba20e5cae9c8af888e541db0de,131.52933438983996,125.05697169875444,125.05697169875444,53.500493664672966,0.9006988173859622,2.4097806839213,3.472212216281783,0.5372231950475379
div2k_validation,0873.png,0873_0deda35195d8__awgn_30_seed-20260812,awgn,30,20260812,16657051359515784294,28.887331928780505,results/vtm_noise_validation/stimuli/0873_0deda35195d8__awgn_30_seed-20260812.png,768,512,9ad31ea0059662692b1a8e034d16144975ea4776b4d803db10ef820e1333f432,131.52933438983996,124.86046003514731,124.86046003514731,53.48182473623322,0.899441969999488,2.4041830032965015,3.471981470662869,0.537090008530871
div2k_validation,0873.png,0873_0deda35195d8__awgn_30_seed-20260813,awgn,30,20260813,7971254583711243295,28.8785571264657,results/vtm_noise_validation/stimuli/0873_0deda35195d8__awgn_30_seed-20260813.png,768,512,4167e6cadcb0d4b393e97825dd400093ee3fee4d2539bcd2f79a1a844d7a0f4c,131.52933438983996,124.91765065291118,124.91765065291118,53.468850617158594,0.8994573286233554,2.4011876675406114,3.4705840179662744,0.5377782266299574
div2k_validation,0874.png,0874_c5954e2f77c7__clean_0,clean,0,,,0.0,results/vtm_noise_validation/stimuli/0874_c5954e2f77c7__clean_0.png,768,512,c5954e2f77c776e14876a63241433b0792067b64b9693296ebed20c831a5e59a,76.98820664880546,76.98820664880546,76.98820664880546,62.07139455573203,0.2630369118926944,0.28971072404692905,2.316154020832555,0.8958450388498759
div2k_validation,0874.png,0874_c5954e2f77c7__awgn_30_seed-20260811,awgn,30,20260811,12883782660514661144,28.21549023246683,results/vtm_noise_validation/stimuli/0874_c5954e2f77c7__awgn_30_seed-20260811.png,768,512,1a1d952a8d5a35f6d43c577859fac3dcd700923fa20cde991d75322728953312,76.98820664880546,88.83483557115073,88.83483557115073,64.89336544356607,0.8321123227358829,1.756244906773389,3.389333940486819,0.6043656781616077
div2k_validation,0874.png,0874_c5954e2f77c7__awgn_30_seed-20260812,awgn,30,20260812,7369743345660465062,28.1680528047618,results/vtm_noise_validation/stimuli/0874_c5954e2f77c7__awgn_30_seed-20260812.png,768,512,82164262da58bef630db921505d442a3847884da5b6d244325b67c237693af7e,76.98820664880546,89.11010194402253,89.11010194402253,64.8482854456528,0.831331592689295,1.7529620363492728,3.386630613459954,0.6047016646698566
div2k_validation,0874.png,0874_c5954e2f77c7__awgn_30_seed-20260813,awgn,30,20260813,4143858214046914056,28.192889840832407,results/vtm_noise_validation/stimuli/0874_c5954e2f77c7__awgn_30_seed-20260813.png,768,512,0906da9945f4c267f4d3d8b38bdd75f1e4d97af371bccba27b2fe50330d7c447,76.98820664880546,88.7445138549668,88.7445138549668,64.93662474698672,0.8322351917268213,1.7491911828403703,3.38706321755141,0.6052534713066856
div2k_validation,0875.png,0875_af27131b48ad__clean_0,clean,0,,,0.0,results/vtm_noise_validation/stimuli/0875_af27131b48ad__clean_0.png,768,512,af27131b48ad3ec0b94b76eab33d20a10d08c2c5226978df22fac0bb0bbf847f,113.77173520137632,113.77173520137632,113.77173520137632,54.05241137050261,0.561076127578969,0.7250146521209616,2.850701434024381,0.791441164521097
div2k_validation,0875.png,0875_af27131b48ad__awgn_30_seed-20260811,awgn,30,20260811,9123730590497572957,27.944670733358684,results/vtm_noise_validation/stimuli/0875_af27131b48ad__awgn_30_seed-20260811.png,768,512,3aedde15e465a9c3d0c6613c93d3953cd9e1c931da97b2cb204a69ef4e126046,113.77173520137632,113.03263986297833,113.03263986297833,58.89432090969076,0.8785363231454462,2.067968292287329,3.4329202564138117,0.5739195474069549
div2k_validation,0875.png,0875_af27131b48ad__awgn_30_seed-20260812,awgn,30,20260812,16294978471054915244,27.91555604765683,results/vtm_noise_validation/stimuli/0875_af27131b48ad__awgn_30_seed-20260812.png,768,512,366dc77f5c012a06d60c2a902858e7754750282bc7a0fbe6e0b3e354d80227a0,113.77173520137632,112.99798972344873,112.99798972344873,58.88817474250975,0.8785286438335125,2.067638953029016,3.4333103840137857,0.5734209773598561
div2k_validation,0875.png,0875_af27131b48ad__awgn_30_seed-20260813,awgn,30,20260813,6415696367511616909,27.944884687545148,results/vtm_noise_validation/stimuli/0875_af27131b48ad__awgn_30_seed-20260813.png,768,512,e4a0a111ba5c9154080033345623b5cf1552ee45b61eab8e48f826fb75472f0a,113.77173520137632,113.16047516915451,113.16047516915451,58.86524943458597,0.8793477704397686,2.0652468486877087,3.4318064951553584,0.573520487661267
div2k_validation,0876.png,0876_4cd95e04fc6f__clean_0,clean,0,,,0.0,results/vtm_noise_validation/stimuli/0876_4cd95e04fc6f__clean_0.png,768,512,4cd95e04fc6fb7cf87de2805c11f13fcfc6957d0ad648557c988c7e5c0afbc4d,113.273288343054,113.273288343054,113.273288343054,46.087693974720494,0.5950161265550606,0.822885259654028,2.423921723556511,0.7867745918347455
div2k_validation,0876.png,0876_4cd95e04fc6f__awgn_30_seed-20260811,awgn,30,20260811,17514730885804120646,26.2957769003343,results/vtm_noise_validation/stimuli/0876_4cd95e04fc6f__awgn_30_seed-20260811.png,768,512,b64ac9b92a660b13cef11c211fb4e47b1286d71a31d3a76212510827eeeb3c97,113.273288343054,113.42410097732156,113.42410097732156,50.095509229490574,0.8504018839911944,1.803253349410269,2.8610953960272565,0.6261022890531771
div2k_validation,0876.png,0876_4cd95e04fc6f__awgn_30_seed-20260812,awgn,30,20260812,5042710875870812676,26.25144828555236,results/vtm_noise_validation/stimuli/0876_4cd95e04fc6f__awgn_30_seed-20260812.png,768,512,88f950733513c9058f4bc7c6de2214842ca8a7928cca5bffe6670ad658729a6d,113.273288343054,113.56913540719957,113.56913540719957,50.09040433768196,0.8495955562381611,1.8014246078909844,2.8594547901222143,0.6264025198052756
div2k_validation,0876.png,0876_4cd95e04fc6f__awgn_30_seed-20260813,awgn,30,20260813,7903036185874297390,26.282342271941424,results/vtm_noise_validation/stimuli/0876_4cd95e04fc6f__awgn_30_seed-20260813.png,768,512,fc47ceb094e0251510c5dbf29227817f03cbcdad114333ed4aaba0eee9d4402d,113.273288343054,113.7391719676003,113.7391719676003,50.09633521957546,0.8495008447243128,1.8108955758946643,2.8630143456660635,0.6256860661445178
div2k_validation,0877.png,0877_5efe0a647a0b__clean_0,clean,0,,,0.0,results/vtm_noise_validation/stimuli/0877_5efe0a647a0b__clean_0.png,768,512,5efe0a647a0b31624fcf5c5ebddc7407d7437107ec090b3367aa021def579155,44.47885113508256,44.47885113508256,44.47885113508256,37.11480129474951,0.07910459222853632,0.0662210374936161,0.9685981463789382,0.973178857781265
div2k_validation,0877.png,0877_5efe0a647a0b__awgn_30_seed-20260811,awgn,30,20260811,1553849466775961152,27.687623861134846,results/vtm_noise_validation/stimuli/0877_5efe0a647a0b__awgn_30_seed-20260811.png,768,512,86866300a32245d684f462a51724e6051e42472ad6057228d183864c2153ba00,44.47885113508256,69.65280331806906,69.65280331806906,45.72740050079421,0.8411073567808325,1.4521747458044383,2.8144303146131864,0.6091900199662361
div2k_validation,0877.png,0877_5efe0a647a0b__awgn_30_seed-20260812,awgn,30,20260812,4660232199783339885,27.62977326410432,results/vtm_noise_validation/stimuli/0877_5efe0a647a0b__awgn_30_seed-20260812.png,768,512,82c82c9c1934b7a156a0bae4085025c003bcecfed745a1da093f3e2367460c9f,44.47885113508256,69.58900734967557,69.58900734967557,45.6899313266785,0.8420007167357805,1.4449817803779421,2.809662831953247,0.6099158318805804
div2k_validation,0877.png,0877_5efe0a647a0b__awgn_30_seed-20260813,awgn,30,20260813,7551065480066048708,27.662388466967712,results/vtm_noise_validation/stimuli/0877_5efe0a647a0b__awgn_30_seed-20260813.png,768,512,015748c6397947acde5b3ba7d924dfb216ec39317ff536f41debda9f81dfbd63,44.47885113508256,69.754117704686,69.754117704686,45.70601340526415,0.8410689602211642,1.451075930168491,2.8144619574904004,0.6096069930231167
div2k_validation,0879.png,0879_81863504b48d__clean_0,clean,0,,,0.0,results/vtm_noise_validation/stimuli/0879_81863504b48d__clean_0.png,768,512,81863504b48d8b9920fc4e53b8bf4cdcb6d44f625411d423c7d09e6137b4d086,131.2394749463279,131.2394749463279,131.2394749463279,65.33637409871238,0.4040341985358112,0.7046849526392049,2.6952276776612303,0.8322468073899114
div2k_validation,0879.png,0879_81863504b48d__awgn_30_seed-20260811,awgn,30,20260811,11944839252714594577,28.72393001625323,results/vtm_noise_validation/stimuli/0879_81863504b48d__awgn_30_seed-20260811.png,768,512,bcdeab0cab57fd7d3d35101af3c79ba23acfd573c1d6a34ee6e67cf7052447a2,131.2394749463279,123.21629750742191,123.21629750742191,70.43777597643394,0.888742128705268,2.2048044998635516,3.6547836802892277,0.5507656786430732
div2k_validation,0879.png,0879_81863504b48d__awgn_30_seed-20260812,awgn,30,20260812,4082259409418171944,28.70038390218522,results/vtm_noise_validation/stimuli/0879_81863504b48d__awgn_30_seed-20260812.png,768,512,18d2f1045970aab937ebbe2447034483fafa12df15a927d7c6e30a030dfad95a,131.2394749463279,123.07733147269728,123.07733147269728,70.35626724230866,0.8887600470997798,2.203684400712971,3.6560241490686343,0.5507225914882201
div2k_validation,0879.png,0879_81863504b48d__awgn_30_seed-20260813,awgn,30,20260813,1060831086915787311,28.715672839726107,results/vtm_noise_validation/stimuli/0879_81863504b48d__awgn_30_seed-20260813.png,768,512,34a9e8eb408a4f47d4f3cd2727a964b63ffde41924f4f3a56a9fbb06b2c39a4d,131.2394749463279,122.52832802183849,122.52832802183849,70.40547467181668,0.8900143347156095,2.2007872817410705,3.655549718753335,0.5506159738709911
div2k_validation,0880.png,0880_e1e37e5e44e4__clean_0,clean,0,,,0.0,results/vtm_noise_validation/stimuli/0880_e1e37e5e44e4__clean_0.png,768,512,e1e37e5e44e41bcac660da4974bf8f3ba20c67777a307ff11220f7c25fad9e8e,61.97002145865509,61.97002145865509,61.97002145865509,43.93155666442445,0.43697076741923924,0.29832952465893753,2.4915219882229818,0.8657103228362482
div2k_validation,0880.png,0880_e1e37e5e44e4__awgn_30_seed-20260811,awgn,30,20260811,3134973679801089207,29.68336328429636,results/vtm_noise_validation/stimuli/0880_e1e37e5e44e4__awgn_30_seed-20260811.png,768,512,220648ceb258078e71c2e3f272056478c4588b6a9d4da375815e1239c66be022,61.97002145865509,82.77157071278697,82.77157071278697,52.7502021720037,0.8876644652639124,2.007631122114199,3.541893325790112,0.5500916442770281
div2k_validation,0880.png,0880_e1e37e5e44e4__awgn_30_seed-20260812,awgn,30,20260812,10144705202820984396,29.66341278004948,results/vtm_noise_validation/stimuli/0880_e1e37e5e44e4__awgn_30_seed-20260812.png,768,512,9ee43230a6b48dac2b6c9f02a2bdb997303e0502262b05a6360e37f749bd0da7,61.97002145865509,82.61165447840008,82.61165447840008,52.64453792852673,0.8885680643014386,2.00217351186556,3.539323627657976,0.5507575899671433
div2k_validation,0880.png,0880_e1e37e5e44e4__awgn_30_seed-20260813,awgn,30,20260813,1169144948562221473,29.67598786524207,results/vtm_noise_validation/stimuli/0880_e1e37e5e44e4__awgn_30_seed-20260813.png,768,512,cf4c09cb722783aeeacb6f3bb13e6d636e1df43088852878456cec17f479a41e,61.97002145865509,82.72971960459827,82.72971960459827,52.73477075835645,0.8885066298059694,2.0092417408302383,3.5418767626711523,0.5502358500826625
div2k_validation,0882.png,0882_7dae37803694__clean_0,clean,0,,,0.0,results/vtm_noise_validation/stimuli/0882_7dae37803694__clean_0.png,768,512,7dae3780369487220aa94e86e963180e2f98cd5cf54a605942d8cd552645dbec,119.78648285521196,119.78648285521196,119.78648285521196,73.2170490979509,0.36318281881943376,0.48524602945594575,2.45601005633009,0.8692185077477652
div2k_validation,0882.png,0882_7dae37803694__awgn_30_seed-20260811,awgn,30,20260811,11111725053271145262,26.803559396194725,results/vtm_noise_validation/stimuli/0882_7dae37803694__awgn_30_seed-20260811.png,768,512,106ddeeb4d6775d94fbce3e430acafac41041904756c2dcd534205f5cec9161a,119.78648285521196,114.2666633488623,114.2666633488623,75.24352689190256,0.8430476629294015,1.6543165784051126,3.2866707985814627,0.624110580254244
div2k_validation,0882.png,0882_7dae37803694__awgn_30_seed-20260812,awgn,30,20260812,10947210016528247652,26.83058174510197,results/vtm_noise_validation/stimuli/0882_7dae37803694__awgn_30_seed-20260812.png,768,512,c02fb2d4434d758b22ed99f74d17752c1b49091bfc1ffa2ad92067751514ab37,119.78648285521196,114.50425948119315,114.50425948119315,75.29260618519994,0.8423770030205293,1.662059769942831,3.2886758211947935,0.6238029161859149
div2k_validation,0882.png,0882_7dae37803694__awgn_30_seed-20260813,awgn,30,20260813,15028431476988078554,26.798939605155553,results/vtm_noise_validation/stimuli/0882_7dae37803694__awgn_30_seed-20260813.png,768,512,0c8c690a37481fffc583fa4e9dc7028b783abb4f68aac6c53042abcf33a9e2fc,119.78648285521196,114.67152014449631,114.67152014449631,75.23412109527003,0.8430886192597143,1.6570596099136574,3.288090095333401,0.6236792953325778
div2k_validation,0883.png,0883_47023de15d96__clean_0,clean,0,,,0.0,results/vtm_noise_validation/stimuli/0883_47023de15d96__clean_0.png,768,512,47023de15d9640be57c7338e889e99af50779549b284c1e15bb4581c58177a95,86.00667505279803,86.00667505279803,86.00667505279803,57.69787268254388,0.6543618491783136,0.4608777556644945,2.9139873542834205,0.8152659659919885
div2k_validation,0883.png,0883_47023de15d96__awgn_30_seed-20260811,awgn,30,20260811,1298787258815290881,28.971069067534476,results/vtm_noise_validation/stimuli/0883_47023de15d96__awgn_30_seed-20260811.png,768,512,28ea698ea78d4225c72176bdabf88bf487b8be790c722973baf11b823f11a9ed,86.00667505279803,98.26324169499546,98.26324169499546,63.311062044778595,0.8988916193109098,2.0009276725410166,3.659162659652149,0.559264834477205
div2k_validation,0883.png,0883_47023de15d96__awgn_30_seed-20260812,awgn,30,20260812,16654504567619988468,29.003837901504763,results/vtm_noise_validation/stimuli/0883_47023de15d96__awgn_30_seed-20260812.png,768,512,a5a3c5c9681de99bf5a9f14132198afe0321bf9ea946ffc698494c02a6d825df,86.00667505279803,98.53301853247137,98.53301853247137,63.25193667405926,0.8992115906414785,2.0085919707260826,3.661569800792514,0.5582146237391755
div2k_validation,0883.png,0883_47023de15d96__awgn_30_seed-20260813,awgn,30,20260813,13129524911107103256,28.93503519962574,results/vtm_noise_validation/stimuli/0883_47023de15d96__awgn_30_seed-20260813.png,768,512,bdd6d97cc8d5021e29e195e12d89fb1c56fdec63ddbd8d6b61ab2147daf137ba,86.00667505279803,97.78732776397948,97.78732776397948,63.27387980696636,0.8985230123380945,1.9951347273385933,3.6586192231189116,0.5592264606295452
div2k_validation,0886.png,0886_b96387ddfd48__clean_0,clean,0,,,0.0,results/vtm_noise_validation/stimuli/0886_b96387ddfd48__clean_0.png,768,512,b96387ddfd487d9a71e2a528a1f18f9e41eeddd44119e5f3a7e5ed4f68c634f8,74.5835193397624,74.5835193397624,74.5835193397624,58.80620266665057,0.25297189371832285,0.23849127583203739,2.593692099235969,0.9032974183442912
div2k_validation,0886.png,0886_b96387ddfd48__awgn_30_seed-20260811,awgn,30,20260811,18362966120956778394,28.080471432560337,results/vtm_noise_validation/stimuli/0886_b96387ddfd48__awgn_30_seed-20260811.png,768,512,41248d4ace7815437896c94aa54f3e20bbf183af9ae488340384755112548216,74.5835193397624,84.97151284757354,84.97151284757354,63.61007460608294,0.8561792863359443,1.7534525326595058,3.6097949436409915,0.5786565242670716
div2k_validation,0886.png,0886_b96387ddfd48__awgn_30_seed-20260812,awgn,30,20260812,1885410747866765428,28.0640867785769,results/vtm_noise_validation/stimuli/0886_b96387ddfd48__awgn_30_seed-20260812.png,768,512,1e03c22a3714b2ed93c24100f426e3e5af9add4d68a27fd5fcf153812c2abccf,74.5835193397624,84.85792789970392,84.85792789970392,63.605768110959595,0.8577970613833,1.7488429769497924,3.6083768369418068,0.5795055276540717
div2k_validation,0886.png,0886_b96387ddfd48__awgn_30_seed-20260813,awgn,30,20260813,38139144450645616,28.00785454073437,results/vtm_noise_validation/stimuli/0886_b96387ddfd48__awgn_30_seed-20260813.png,768,512,77bc880fb203105c3daaf5a1c36ccab63a6544ace5232c03b44659c98a4ca7ee,74.5835193397624,84.79107135734938,84.79107135734938,63.62809687705834,0.8551041826652332,1.7498162359619498,3.608984100373558,0.5792406515148673
div2k_validation,0889.png,0889_6ab1cfddebd6__clean_0,clean,0,,,0.0,results/vtm_noise_validation/stimuli/0889_6ab1cfddebd6__clean_0.png,768,512,6ab1cfddebd6142bb73bdae7980d0a48416cfaa75666a58a8476b616ed7a8bf4,83.79673361946512,83.79673361946512,83.79673361946512,55.191157875388214,0.3341524599395894,0.2956841729878356,2.598544019032569,0.8931533761455684
div2k_validation,0889.png,0889_6ab1cfddebd6__awgn_30_seed-20260811,awgn,30,20260811,7824635227462230713,28.37026220979243,results/vtm_noise_validation/stimuli/0889_6ab1cfddebd6__awgn_30_seed-20260811.png,768,512,b71c8d399badcbc071aa63f01e1a49d6944f5dea1af29c76fea8581a335b8197,83.79673361946512,91.06578122767347,91.06578122767347,60.11450955904773,0.8638457994163723,1.8410907616370744,3.5710087021616572,0.5758055616583896
div2k_validation,0889.png,0889_6ab1cfddebd6__awgn_30_seed-20260812,awgn,30,20260812,13514398557783450240,28.386311969228327,results/vtm_noise_validation/stimuli/0889_6ab1cfddebd6__awgn_30_seed-20260812.png,768,512,bab34b93d5b76a478f82a4b5bd0cc8db379c0727cfe4e89884c218f8f09e03e3,83.79673361946512,91.2008783418807,91.2008783418807,60.188611654821216,0.8639891465724671,1.8434041291832297,3.5720610669946695,0.5755786838114578
div2k_validation,0889.png,0889_6ab1cfddebd6__awgn_30_seed-20260813,awgn,30,20260813,7574050157683069295,28.395527185668136,results/vtm_noise_validation/stimuli/0889_6ab1cfddebd6__awgn_30_seed-20260813.png,768,512,60dac75c965e63f507eca6a2b80ff041865bac779f57304d9c7d7a6cfb0f4571,83.79673361946512,91.39666723578968,91.39666723578968,60.14029839269784,0.8651922387754057,1.842922436636952,3.571566849411278,0.5755195560814108
div2k_validation,0891.png,0891_7f2eb02a190e__clean_0,clean,0,,,0.0,results/vtm_noise_validation/stimuli/0891_7f2eb02a190e__clean_0.png,768,512,7f2eb02a190e287538efe80c8d5e7a870ce10ae7496b3a89270ce56d753ac351,108.65738144466147,108.65738144466147,108.65738144466147,48.76770277684798,0.24931398146726053,0.4088723049120458,2.4566993180087304,0.8985396233713827
div2k_validation,0891.png,0891_7f2eb02a190e__awgn_30_seed-20260811,awgn,30,20260811,17949839014653292589,28.530520777664165,results/vtm_noise_validation/stimuli/0891_7f2eb02a190e__awgn_30_seed-20260811.png,768,512,48b89f0d0dc94086b56229a0d7edad3960e1b9956d18bb6c0e5b0c1876d11945,108.65738144466147,104.8685022469381,104.8685022469381,55.373124307936756,0.8671299851533303,1.9917516509781599,3.535455918564864,0.5633053848756208
div2k_validation,0891.png,0891_7f2eb02a190e__awgn_30_seed-20260812,awgn,30,20260812,17031074031630032116,28.523328547050653,results/vtm_noise_validation/stimuli/0891_7f2eb02a190e__awgn_30_seed-20260812.png,768,512,543061ae02003d2ddd84d560913c035c9a039c46308165b7f350e02865756a1e,108.65738144466147,104.71362171241151,104.71362171241151,55.38335246008318,0.8683714739159372,1.9846600027555448,3.5342892624147186,0.563812613347128
div2k_validation,0891.png,0891_7f2eb02a190e__awgn_30_seed-20260813,awgn,30,20260813,1294388526951012414,28.54949766519932,results/vtm_noise_validation/stimuli/0891_7f2eb02a190e__awgn_30_seed-20260813.png,768,512,6362f3201b4bcb85c9da1939636c8c559d6f838f5d1695d6a3d089ca2685788b,108.65738144466147,104.95210245866774,104.95210245866774,55.3961861466333,0.8679695899247427,1.9912864654892983,3.536582523917388,0.5632843667144122
div2k_validation,0892.png,0892_88bc09c5d553__clean_0,clean,0,,,0.0,results/vtm_noise_validation/stimuli/0892_88bc09c5d553__clean_0.png,768,512,88bc09c5d553d90b31aeafd28ba72a79156395b0f15fe2c3be7998b064c2bf4b,114.58670375977967,114.58670375977967,114.58670375977967,46.37073659488947,0.4079864844109968,0.49977513484243535,2.6241973665889016,0.8562979665753772
div2k_validation,0892.png,0892_88bc09c5d553__awgn_30_seed-20260811,awgn,30,20260811,839856240217109545,29.55701333787365,results/vtm_noise_validation/stimuli/0892_88bc09c5d553__awgn_30_seed-20260811.png,768,512,ba39a1c639a9d7f547ab5729a720f6598b73c7aaf14b8ed5f5f2136e8028c90e,114.58670375977967,112.1407075099525,112.1407075099525,54.580625396489204,0.894035734398198,2.207147046488684,3.6170493038450813,0.5401152028409975
div2k_validation,0892.png,0892_88bc09c5d553__awgn_30_seed-20260812,awgn,30,20260812,13606764100935752104,29.46275176311741,results/vtm_noise_validation/stimuli/0892_88bc09c5d553__awgn_30_seed-20260812.png,768,512,93039355152596d4a88c91a36b120d3eaafb05a8ec10d82f0011f9537d315f70,114.58670375977967,111.94519472279484,111.94519472279484,54.52382666563684,0.8920007167357805,2.1905582303439126,3.6131066013558,0.5413064467650885
div2k_validation,0892.png,0892_88bc09c5d553__awgn_30_seed-20260813,awgn,30,20260813,3330394481730845434,29.52155744749888,results/vtm_noise_validation/stimuli/0892_88bc09c5d553__awgn_30_seed-20260813.png,768,512,457f387ce612d8b6b3bdb17fc9466d9c2a306f9bbba6d3e9ed517eda89732ce1,114.58670375977967,112.30250726234637,112.30250726234637,54.560961585284915,0.8928633594429939,2.19711123895616,3.6149535031395814,0.5405414595357516
div2k_validation,0894.png,0894_48a5637ab170__clean_0,clean,0,,,0.0,results/vtm_noise_validation/stimuli/0894_48a5637ab170__clean_0.png,768,512,48a5637ab17045000c0593a9722528b956f995815b4b99ac54c6c700e549c737,73.89990372470713,73.89990372470713,73.89990372470713,69.66480237957434,0.11049761941330057,0.19036559734422134,2.2815322688779567,0.9455206077238865
div2k_validation,0894.png,0894_48a5637ab170__awgn_30_seed-20260811,awgn,30,20260811,16865102988939426699,27.840058875186095,results/vtm_noise_validation/stimuli/0894_48a5637ab170__awgn_30_seed-20260811.png,768,512,8dd45bfdc076d4b86a2f61d7762ba4ec83e3c4f77d01ec16f8d36accbef07bb8,73.89990372470713,84.62355471401109,84.62355471401109,72.98741826681054,0.8396610863666616,1.6553925192045638,3.5217754306544453,0.5947970818574023
div2k_validation,0894.png,0894_48a5637ab170__awgn_30_seed-20260812,awgn,30,20260812,15920868460329328750,27.781851557085634,results/vtm_noise_validation/stimuli/0894_48a5637ab170__awgn_30_seed-20260812.png,768,512,cbd1ed2f7e12a268508bd735c4c5bffe9763754ea92aa9faba628e2899d960e8,73.89990372470713,84.82859606920285,84.82859606920285,73.03533332508013,0.8390083448523012,1.6524378821697323,3.5206390256665996,0.59559905041016
div2k_validation,0894.png,0894_48a5637ab170__awgn_30_seed-20260813,awgn,30,20260813,15140971084668222567,27.92257612700446,results/vtm_noise_validation/stimuli/0894_48a5637ab170__awgn_30_seed-20260813.png,768,512,c7a6ae447d81910a9e43b3ffad57c9952166a8325de8bde254e47eedabde4329,73.89990372470713,84.77755623307698,84.77755623307698,73.07645764922358,0.8407105923309272,1.6678616347700652,3.524938316473115,0.5938070867771779
div2k_validation,0895.png,0895_2ae688c56ac1__clean_0,clean,0,,,0.0,results/vtm_noise_validation/stimuli/0895_2ae688c56ac1__clean_0.png,768,512,2ae688c56ac1414d47348f543dfd7328d056082be1c40ef58ddb5f327e163f95,103.1083966568252,103.1083966568252,103.1083966568252,56.73657602944133,0.5562944760149491,0.698871189441931,2.7187063499775794,0.7906565847210721
div2k_validation,0895.png,0895_2ae688c56ac1__awgn_30_seed-20260811,awgn,30,20260811,10960917783711479010,28.083574182701987,results/vtm_noise_validation/stimuli/0895_2ae688c56ac1__awgn_30_seed-20260811.png,768,512,63394d273b291551473a30a609fc8eaef7ba43906ba2c017c69d328f660bd0b8,103.1083966568252,107.97854842443844,107.97854842443844,62.0339136992532,0.8841243024624994,2.0075477708178653,3.3502911323086657,0.570426221783277
div2k_validation,0895.png,0895_2ae688c56ac1__awgn_30_seed-20260812,awgn,30,20260812,3997345950072396934,28.09730954758236,results/vtm_noise_validation/stimuli/0895_2ae688c56ac1__awgn_30_seed-20260812.png,768,512,0315c4731cb4dab2e7bc8f07022ad951867499b8ca3a4edafd7e3cfac1a4cb60,103.1083966568252,108.22613302092837,108.22613302092837,62.05692976948906,0.8851430911790303,2.0153493599643673,3.3523716195025086,0.5702775754748677
div2k_validation,0895.png,0895_2ae688c56ac1__awgn_30_seed-20260813,awgn,30,20260813,4882873695740413400,28.02414311900588,results/vtm_noise_validation/stimuli/0895_2ae688c56ac1__awgn_30_seed-20260813.png,768,512,188a8453bae354f5537353188b488d5ca444be68f110d623ff8442600c60e2d0,103.1083966568252,107.81904393345644,107.81904393345644,62.02805847382072,0.8834920391132954,2.008582446465408,3.3500037275718855,0.5706430323105544
div2k_validation,0896.png,0896_f2bcbef90a0f__clean_0,clean,0,,,0.0,results/vtm_noise_validation/stimuli/0896_f2bcbef90a0f__clean_0.png,768,512,f2bcbef90a0f48a42f261df61300717a403cc34c53caa15364e4489307b49519,85.69842568378408,85.69842568378408,85.69842568378408,92.43762698929382,0.12515230635335073,0.16624763117289365,1.5592360926423576,0.955460047599205
div2k_validation,0896.png,0896_f2bcbef90a0f__awgn_30_seed-20260811,awgn,30,20260811,1056510279790623029,25.174922001757945,results/vtm_noise_validation/stimuli/0896_f2bcbef90a0f__awgn_30_seed-20260811.png,768,512,f2aaea68ef37ac4b16e5b2869771723c7380c028b4b7061a3a128630de9d5fc1,85.69842568378408,90.26791447759317,90.26791447759317,91.94885426142753,0.7924205191214867,1.1297868236496713,2.8219359552660213,0.6863565864980408
div2k_validation,0896.png,0896_f2bcbef90a0f__awgn_30_seed-20260812,awgn,30,20260812,6098251138815358874,25.240631581347674,results/vtm_noise_validation/stimuli/0896_f2bcbef90a0f__awgn_30_seed-20260812.png,768,512,7305dc8e4e2b9a2cd18412ad91c8d52a466449ad1562c276055b2e0e906888c3,85.69842568378408,90.15932946683785,90.15932946683785,91.8970631309076,0.7948497414631649,1.1325192433004752,2.823746886506624,0.6864016559492407
div2k_validation,0896.png,0896_f2bcbef90a0f__awgn_30_seed-20260813,awgn,30,20260813,7516277174744359920,25.239873485862738,results/vtm_noise_validation/stimuli/0896_f2bcbef90a0f__awgn_30_seed-20260813.png,768,512,dcdf4ca43573bb0f9c6349927c307bb711d58da3ad15bb8286f7a889a8f3df58,85.69842568378408,90.39453799986116,90.39453799986116,91.92060704393076,0.7948087851328521,1.1317886189298278,2.8241357005090473,0.6862766821273439
div2k_validation,0900.png,0900_f7fe7cbce840__clean_0,clean,0,,,0.0,results/vtm_noise_validation/stimuli/0900_f7fe7cbce840__clean_0.png,768,512,f7fe7cbce8408724e75e30dfc82212b558132f50f18caddf2eda6033c261392e,136.7283637604519,136.7283637604519,136.7283637604519,67.06862693927864,0.3583192545947883,0.6264509994159084,2.70354569141886,0.8535686666996851
div2k_validation,0900.png,0900_f7fe7cbce840__awgn_30_seed-20260811,awgn,30,20260811,11409889890360271413,26.530029987730927,results/vtm_noise_validation/stimuli/0900_f7fe7cbce840__awgn_30_seed-20260811.png,768,512,d07101baab38d3f9ba51733f4c6484658fba975300551751cd645bf0d70e6dc3,136.7283637604519,125.88052327941011,125.88052327941011,68.70734207983693,0.8371013157221113,1.776493203829766,3.3424710975454657,0.6180344841851256
div2k_validation,0900.png,0900_f7fe7cbce840__awgn_30_seed-20260812,awgn,30,20260812,9857873434475798949,26.59981098729337,results/vtm_noise_validation/stimuli/0900_f7fe7cbce840__awgn_30_seed-20260812.png,768,512,b67be7a84153c6f6d9aabfe6fe96c4191324d4234faf66a372729a9a748d3a0f,136.7283637604519,125.7112977544065,125.7112977544065,68.82277471911557,0.838667895356576,1.7816503507505936,3.3435269328065926,0.6177514389104679
div2k_validation,0900.png,0900_f7fe7cbce840__awgn_30_seed-20260813,awgn,30,20260813,13828574631978855826,26.64842433028845,results/vtm_noise_validation/stimuli/0900_f7fe7cbce840__awgn_30_seed-20260813.png,768,512,ae2c1ab71f1bcd4b7e1526c9cfe28c376ee7433b711574725d0cff5b07f2bfd6,136.7283637604519,125.86415322731999,125.86415322731999,68.74967233004095,0.8371166743459786,1.7864856727578613,3.3452236212287807,0.6172489774586161
