image,width,height,qp,mode,bitstream_bytes,compression_ratio,bpp,bitrate_kbps,psnr_y,psnr_u,psnr_v,ssim,xpsnr_y,vmaf,msssim_luma,fsim_luma,haarpsi_luma,psnr_hvs_m_luma,psnr_rgb,msssim_rgb
baboon,512,512,22,baseline,86662,9.07470402252429,2.64471435546875,86.662,42.0809,999.99,999.99,0.996229,47.3748,95.677726,0.9983157489758476,0.9949254949016754,0.9950968419272526,39.70410730325111,41.44471420619412,0.9983136570494837
baboon,512,512,22,csf,88610,8.875205958695407,2.70416259765625,88.61,39.9683,999.99,999.99,0.994768,45.4168,95.273824,0.9978726794322647,0.9920915998229239,0.991261138442705,37.775005418885016,39.565872390134096,0.997870585084052
baboon,512,512,27,baseline,58552,13.43134307965569,1.786865234375,58.552,37.1502,999.99,999.99,0.988528,42.5433,93.368424,0.9945913539577359,0.9830405989968461,0.9842127074814992,34.89826723877708,36.9362779950606,0.9945892974055287
baboon,512,512,27,csf,57072,13.77964676198486,1.74169921875,57.072,35.519,999.99,999.99,0.985869,41.0308,92.625502,0.9936630227472101,0.9766599154857727,0.9752866287584686,33.42155415934031,35.36593599250829,0.9936609102764979
baboon,512,512,32,baseline,34442,22.83351721735091,1.05108642578125,34.442,32.6823,999.99,999.99,0.97333,38.1846,88.100238,0.9849913841218478,0.9537427443005574,0.9553063757534577,30.58975010871199,32.608965387928635,0.9849894014619819
baboon,512,512,32,csf,32792,23.982434740180533,1.000732421875,32.792,31.7003,999.99,999.99,0.970191,37.2838,87.278398,0.9837246095564496,0.9440274065208291,0.9423037075061413,29.714204288241383,31.63829886239693,0.9837225853994517
baboon,512,512,37,baseline,17736,44.341001353179976,0.541259765625,17.736,28.9198,999.99,999.99,0.948566,34.5416,76.973862,0.9639808653602036,0.8983201574603131,0.9013775709741534,26.989627491427115,28.89056575303298,0.96397902224591
baboon,512,512,37,csf,17034,46.16836914406481,0.51983642578125,17.034,28.4124,999.99,999.99,0.945861,34.0851,76.590317,0.9628824233888837,0.8880743373946082,0.8894270274923839,26.54601156841953,28.38768714075087,0.9628806068196099
barbara,512,512,22,baseline,34274,22.94543969189473,1.04595947265625,34.274,42.7088,999.99,999.99,0.993444,46.8431,95.640635,0.9973372602883704,0.9924989690208513,0.9947288527457252,40.02390058350539,42.02405553214436,0.9973346033911566
barbara,512,512,22,csf,32664,24.076414401175604,0.996826171875,32.664,41.6532,999.99,999.99,0.992649,45.9835,95.128605,0.997035636704188,0.9905469575708594,0.9926713990090771,39.109258975701536,41.10744284283054,0.9970329748042547
barbara,512,512,27,baseline,20663,38.05991385568407,0.630584716796875,20.663,39.5524,999.99,999.99,0.989066,43.9644,93.611316,0.99420553242143,0.9841812368085343,0.9888670802556114,37.05639980519596,39.205174991442625,0.9942028829937722
barbara,512,512,27,csf,19883,39.552984962027864,0.606781005859375,19.883,38.8136,999.99,999.99,0.988322,43.3467,93.256544,0.9939179251293374,0.9813103747603336,0.9860619703241915,36.39918906067397,38.52213264818303,0.9939152738502829
barbara,512,512,32,baseline,12625,62.291643564356434,0.385284423828125,12.625,36.6182,999.99,999.99,0.983417,41.2229,88.95079,0.9887941534709003,0.9698819643717393,0.9786361960279657,34.25383480063141,36.44666782406016,0.9887916318742139
barbara,512,512,32,csf,12020,65.42695507487521,0.3668212890625,12.02,35.947,999.99,999.99,0.982255,40.6569,88.859161,0.9882626821738497,0.9655204929958161,0.9740904765169371,33.6403604912678,35.787035753600335,0.9882600266118212
barbara,512,512,37,baseline,7203,109.18117451062058,0.219818115234375,7.203,33.4941,999.99,999.99,0.973888,38.2222,79.859439,0.9785434887055988,0.9433520111862325,0.9593840421527089,31.234388227987864,33.40901926847057,0.9785409723934544
barbara,512,512,37,csf,6929,113.49862895078655,0.211456298828125,6.929,32.846,999.99,999.99,0.971279,37.7041,80.618914,0.9776347863568954,0.9334764301861479,0.9496696873629512,30.634741202606676,32.77362978998084,0.9776323091722429
fine_texture_512x512,512,512,22,baseline,91756,8.570905444875539,2.8001708984375,91.756,41.9507,999.99,999.99,0.997427,47.2574,94.2185,0.9987108999055718,0.992522893914814,0.9932590269895447,39.22126543774874,41.35753259504459,0.9987088933296939
fine_texture_512x512,512,512,22,csf,104754,7.507417377856693,3.19683837890625,104.754,40.4045,999.99,999.99,0.996378,45.7554,93.995169,0.9983938604218823,0.9896212896213374,0.9898848078435851,37.74264471276424,39.98141663914638,0.998391860592777
fine_texture_512x512,512,512,27,baseline,62991,12.484831166357099,1.922332763671875,62.991,36.9816,999.99,999.99,0.991967,42.3916,91.013493,0.9958429324654061,0.9761129237520623,0.9786260684416341,34.341228899995166,36.78701775457069,0.9958409599258188
fine_texture_512x512,512,512,27,csf,74799,10.513937352103637,2.282684326171875,74.799,35.7276,999.99,999.99,0.989281,41.1511,90.895026,0.9949829833141625,0.9686021998669293,0.9701461529879783,33.12077859047979,35.55834962840254,0.9949808582612513
fine_texture_512x512,512,512,32,baseline,36717,21.418743361385733,1.120513916015625,36.717,32.2165,999.99,999.99,0.97496,37.665,84.861691,0.9867779810509733,0.9313254351725003,0.9377959240920932,29.6024205716853,32.145936349161765,0.9867759727014266
fine_texture_512x512,512,512,32,csf,36806,21.366951040591207,1.12322998046875,36.806,30.9479,999.99,999.99,0.965211,36.4007,85.56775,0.9841246435783658,0.9024421691296991,0.9108739819409606,28.37058670979202,30.899383955305876,0.9841227536795637
fine_texture_512x512,512,512,37,baseline,2045,384.5633251833741,0.062408447265625,2.045,27.1411,999.99,999.99,0.903212,32.5988,74.670845,0.9487176637478308,0.7326093354927043,0.7837890376073894,24.542836469631887,27.118981427898618,0.9487157168137058
fine_texture_512x512,512,512,37,csf,2113,372.18741126360624,0.064483642578125,2.113,27.1411,999.99,999.99,0.903212,32.5988,74.670845,0.9487176637478308,0.7326093354927043,0.7837890376073894,24.542836469631887,27.118981427898618,0.9487157168137058
goldhill,512,512,22,baseline,44182,17.799827984246978,1.34832763671875,44.182,42.0107,999.99,999.99,0.992578,45.68,95.486867,0.9970451618946201,0.985615311108464,0.9908475389834734,39.07620190567863,41.432826852490024,0.9970422716642723
goldhill,512,512,22,csf,42052,18.701417292875487,1.2833251953125,42.052,40.7657,999.99,999.99,0.990855,44.4931,95.229852,0.9965237298465327,0.9806360530526814,0.986871389931713,37.90877654476352,40.33094604393365,0.996520851693353
goldhill,512,512,27,baseline,23119,34.01669622388511,0.705535888671875,23.119,37.9435,999.99,999.99,0.982845,41.7011,92.950529,0.9920897618221503,0.9602503329102836,0.9750491925625469,35.12836107026618,37.70906834106304,0.9920869011772023
goldhill,512,512,27,csf,21823,36.036841864088345,0.665985107421875,21.823,37.3499,999.99,999.99,0.981213,41.1456,92.429552,0.9914676928061255,0.9549555156873251,0.9707628411814813,34.577400783451864,37.15088912093559,0.9914648858781137
goldhill,512,512,32,baseline,11126,70.68416322128348,0.33953857421875,11.126,34.777,999.99,999.99,0.967483,38.6111,87.861011,0.9813696430686796,0.9161422180653919,0.9492529154681919,32.035910676289305,34.655397305279024,0.9813666987331894
goldhill,512,512,32,csf,10714,73.40227739406384,0.32696533203125,10.714,34.5143,999.99,999.99,0.965998,38.3691,87.521423,0.9804670886377007,0.9106404245591314,0.9457543794780209,31.79623470282285,34.41713863829107,0.9804644334963332
goldhill,512,512,37,baseline,5157,152.4979639325189,0.157379150390625,5.157,32.1293,999.99,999.99,0.944954,36.025,77.575922,0.9599425253672018,0.8497093344073546,0.9138519344126363,29.4576233305732,32.07448431851525,0.9599400038468681
goldhill,512,512,37,csf,5079,154.8399291199055,0.154998779296875,5.079,31.9946,999.99,999.99,0.943584,35.9091,78.401071,0.9592782916141083,0.8448646632636158,0.9101481433751231,29.328884175441537,31.933185153152138,0.9592754422915095
kodim01,768,512,22,baseline,102771,11.478413171030738,2.09088134765625,102.771,42.397,50.3986,49.885,0.989162,47.2546,95.88073,0.998335362273135,0.9937644400504937,0.9942783282132621,39.94251041333697,40.76559012612789,0.9972271678962686
kodim01,768,512,22,csf,105624,11.168370824812543,2.14892578125,105.624,40.8511,50.3197,49.842,0.988027,45.8341,95.586845,0.9979521695248651,0.9911034744080235,0.9911953013539849,38.48223788012456,39.64616622389566,0.9968301076946734
kodim01,768,512,27,baseline,66485,17.74306986538317,1.3526407877604167,66.485,37.8332,48.9518,48.1045,0.981752,42.9341,93.701619,0.9953953897817805,0.9814672028478388,0.9827653264642922,35.46907566193429,37.02784280243057,0.9936275010022347
kodim01,768,512,27,csf,64520,18.28344699318041,1.3126627604166667,64.52,36.5148,48.8918,48.0745,0.979442,41.7035,93.240696,0.9945239598905113,0.9748749995844099,0.9751278462637691,34.22254296555604,35.9260263688429,0.992740857935206
kodim01,768,512,32,baseline,37081,31.812734284404414,0.7544148763020834,37.081,33.4842,47.2801,46.2732,0.96523,38.7435,89.058701,0.987046244619859,0.9468994969119067,0.9522391103865154,31.179682560109896,33.08189976073172,0.9842748677270814
kodim01,768,512,32,csf,35250,33.4651914893617,0.7171630859375,35.25,32.7627,47.439,46.2621,0.962428,38.0702,88.708765,0.9858606096473241,0.9368689122347879,0.9418083373832665,30.504007596525962,32.44050810391964,0.9830986657904202
kodim01,768,512,37,baseline,16992,69.42372881355932,0.345703125,16.992,29.7284,45.3775,44.09,0.931684,35.0857,80.492862,0.9656555318663136,0.8667445746682944,0.890608567673232,27.491778158430343,29.52176156223726,0.9615681173476651
kodim01,768,512,37,csf,16088,73.3247140726007,0.3273111979166667,16.088,29.4184,45.3862,44.1133,0.928861,34.7929,79.118363,0.9637827464705011,0.8559810226818764,0.8816919526496841,27.20507408325119,29.218105593847717,0.9596344128569799
kodim02,768,512,22,baseline,56412,20.91129546904914,1.147705078125,56.412,43.5916,50.2729,48.3462,0.983445,46.5919,95.331054,0.9957098405667426,0.9826370202847631,0.9920500842338525,40.51037857493814,41.32570291475065,0.9928694901904834
kodim02,768,512,22,csf,55253,21.349935750095018,1.1241251627604167,55.253,42.8893,50.2359,48.1622,0.982318,45.9702,95.494657,0.9952974555066094,0.9793843252370701,0.9900088741135235,39.84960401007619,40.86792301323296,0.9924267645638983
kodim02,768,512,27,baseline,29027,40.63968029765391,0.5905558268229166,29.027,39.937,48.7786,45.8809,0.97095,43.1573,93.594068,0.9894519970007869,0.9537405364789098,0.9787668321717092,36.94647616074527,38.409657219593754,0.9847805401746929
kodim02,768,512,27,csf,28226,41.792956848295894,0.5742594401041666,28.226,39.5078,48.7442,45.8638,0.96996,42.7815,93.410066,0.9890691095560257,0.9488829307625688,0.9754847825859349,36.545785783467196,38.09830460212723,0.9845224845393118
kodim02,768,512,32,baseline,13114,89.95333231660821,0.2668050130208333,13.114,36.7544,47.0757,43.4082,0.95064,40.1292,89.284261,0.9772988715457145,0.8942254663867716,0.9504025244670868,33.8305430746951,35.57801133741806,0.9694944828344823
kodim02,768,512,32,csf,12734,92.63766294958378,0.2590738932291667,12.734,36.5348,47.0777,43.3634,0.94963,39.93,88.96553,0.9767187040004447,0.8884790190977407,0.9469855570803157,33.63540301747299,35.38899570255194,0.9688895790099531
kodim02,768,512,37,baseline,5104,231.12225705329155,0.10384114583333333,5.104,34.0571,45.2013,41.0156,0.922344,37.5277,82.456356,0.9547455809484852,0.7980873035197555,0.903633306706817,31.210987794263936,33.04316721379044,0.942493903402417
kodim02,768,512,37,csf,5112,230.7605633802817,0.10400390625,5.112,33.99,45.126,41.0276,0.921874,37.4708,80.949221,0.9548633226317875,0.7960161562429348,0.9019311303359279,31.158125199385136,32.979386662593946,0.9422291127135973
kodim03,768,512,22,baseline,33763,34.939075319136336,0.6869099934895834,33.763,45.1542,51.0399,51.1112,0.988519,48.5774,96.056721,0.9970437276485625,0.9882836596902344,0.9941824412108925,42.062321166376194,42.75870224243174,0.995308275826841
kodim03,768,512,22,csf,32707,36.067141590485214,0.6654256184895834,32.707,44.4751,50.8114,51.0001,0.988016,48.0766,95.622357,0.9968978469846023,0.9860049084395709,0.9923501613198206,41.46152075669639,42.317096064998026,0.9951453807569148
kodim03,768,512,27,baseline,19454,60.63781227511052,0.3957926432291667,19.454,41.8826,49.2656,49.4976,0.982998,45.655,93.925511,0.9935728399710533,0.972709091278206,0.9860139575133723,38.99032151413976,40.303188295636716,0.9913052589690965
kodim03,768,512,27,csf,18890,62.448279512969826,0.3843180338541667,18.89,41.4228,49.1054,49.3868,0.982437,45.3047,93.825099,0.9934171508694616,0.9698134592793827,0.983559978673323,38.57085793555191,39.94504021526504,0.9911208027479589
kodim03,768,512,32,baseline,10385,113.5915262397689,0.21128336588541666,10.385,38.6152,47.1821,47.4486,0.973542,42.6804,89.975838,0.9866217501184322,0.9402493953727143,0.9683509947249337,35.84001488859025,37.51912587013444,0.9834035559408806
kodim03,768,512,32,csf,10203,115.61775948250515,0.20758056640625,10.203,38.3577,47.1426,47.5755,0.973159,42.5013,89.240459,0.9866098604009822,0.9356415521117551,0.9652040843291525,35.60624214666777,37.33849976899797,0.9834163129080803
kodim03,768,512,37,baseline,5043,233.91790600832837,0.10260009765625,5.043,35.4138,45.1302,45.4407,0.958626,39.7843,82.753042,0.9740075270110349,0.8725695572993377,0.9305403248887446,32.73924462418742,34.67091364223881,0.9693656238891316
kodim03,768,512,37,csf,4962,237.73639661426844,0.1009521484375,4.962,35.2113,45.1933,45.4687,0.957333,39.6129,82.87556,0.9733149298185176,0.8621046491109172,0.9247615163374577,32.53493907448636,34.510120419974456,0.9687689155231237
kodim04,512,768,22,baseline,53140,22.198870907038014,1.0811360677083333,53.14,43.0115,51.2931,48.3011,0.983341,46.3861,95.668878,0.9959464318858946,0.9834717889656243,0.9916487572903931,39.961163121827525,41.05609051497085,0.9938877347504732
kodim04,512,768,22,csf,51524,22.895116838754756,1.0482584635416667,51.524,42.0691,51.2978,48.1446,0.981959,45.5139,95.731111,0.9955554531793739,0.979020266643123,0.988367119288698,39.08680524475728,40.428896732571715,0.9935063849503756
kodim04,512,768,27,baseline,28391,41.550068683737805,0.5776163736979166,28.391,39.4902,49.9948,46.0183,0.972513,42.9589,93.468528,0.9906047283592744,0.959234402309909,0.9790819536855881,36.55084065858956,38.20125743276948,0.9874436800601639
kodim04,512,768,27,csf,26877,43.89061279160621,0.54681396484375,26.877,38.8062,50.0029,45.9525,0.9708,42.3566,93.564797,0.9899457935244869,0.9517963092517737,0.9736239052329864,35.90193447787988,37.66662951717796,0.986837976256605
kodim04,512,768,32,baseline,13700,86.10569343065693,0.2787272135416667,13.7,36.3169,48.5114,43.7004,0.954951,39.881,89.016139,0.9792509307760816,0.9123140387634331,0.95487466451459,33.449273817841586,35.34656933311435,0.9743494132984503
kodim04,512,768,32,csf,12826,91.9731794791829,0.2609456380208333,12.826,35.8798,48.5423,43.5695,0.95307,39.5259,89.399984,0.978333925304911,0.9025503337409136,0.9479591572977739,33.04588113644717,34.984640315633726,0.9732453173112691
kodim04,512,768,37,baseline,5950,198.26016806722689,0.12105305989583333,5.95,33.4959,46.6925,41.0581,0.928492,37.2038,79.626796,0.9569876145925684,0.8350844058508301,0.9161583616675923,30.71153582772751,32.64957893169897,0.949244968146728
kodim04,512,768,37,csf,5926,199.0631117111036,0.12056477864583333,5.926,33.4046,46.6495,41.0871,0.928093,37.1311,80.841622,0.9564422697114419,0.8293501360810398,0.9132112534992533,30.630473326562996,32.57647053474344,0.948712091113156
kodim05,768,512,22,baseline,100373,11.752642642941828,2.0420939127604165,100.373,42.8357,47.6286,48.0722,0.987732,46.7272,96.279807,0.9986456140116245,0.9944744535305317,0.9952626803325055,40.63755852254843,40.465187012090354,0.9974992686590829
kodim05,768,512,22,csf,98462,11.98074384026325,2.0032145182291665,98.462,41.4228,47.4322,47.9241,0.98684,45.432,96.056429,0.9983949008373534,0.9923850881386052,0.9928759960639825,39.32206972625674,39.54906408218783,0.9972235909747375
kodim05,768,512,27,baseline,64538,18.27834764014999,1.3130289713541667,64.538,38.6383,45.1499,45.7604,0.979176,42.7039,94.516493,0.9963402683446074,0.9850523080019455,0.9871451479127626,36.56321123143362,37.0883800341014,0.9942082535531531
kodim05,768,512,27,csf,62551,18.85897907307637,1.2726033528645833,62.551,37.6496,45.1099,45.7334,0.978048,41.7941,94.259801,0.9959280435497369,0.9814480303249619,0.9828528420429217,35.65116036452657,36.368189496291535,0.9937853754942733
kodim05,768,512,32,baseline,38679,30.498409989917008,0.78692626953125,38.679,34.5754,42.7404,43.3738,0.962807,38.7301,90.520467,0.9898313823634634,0.9616338982312723,0.9677923662819545,32.55914732834264,33.548630676242965,0.9860696265733594
kodim05,768,512,32,csf,37358,31.576851009154666,0.7600504557291666,37.358,33.9989,42.7487,43.4092,0.961496,38.2109,90.252053,0.9892410678361657,0.9567428909989351,0.9624196752419629,32.03567089973652,33.09658878412184,0.9854981399732142
kodim05,768,512,37,baseline,21144,55.79114642451759,0.43017578125,21.144,30.7374,40.2149,40.8663,0.931979,34.9666,82.171631,0.9730097550545138,0.9098353505349909,0.9273054516150807,28.78987681255085,30.02598138033725,0.9668240643458129
kodim05,768,512,37,csf,20758,56.828596203873204,0.4223225911458333,20.758,30.515,40.2261,40.7732,0.929978,34.7587,82.100954,0.9723212008240361,0.9046839536970815,0.9227474705318524,28.588385012868688,29.82991104156303,0.9660055762154034
kodim06,768,512,22,baseline,75121,15.703305334061048,1.5283406575520833,75.121,42.6295,49.0102,49.7543,0.986101,47.3389,95.657657,0.9971841160300272,0.9911226941718436,0.9930413951064446,39.87308032001328,40.706013632701584,0.9950350803504282
kodim06,768,512,22,csf,72668,16.233390213023615,1.4784342447916667,72.668,41.246,48.9475,49.7091,0.984857,46.1144,95.374276,0.9967621742433583,0.9877006296764024,0.9894309526691853,38.58103001071082,39.757772212627515,0.9946188334646707
kodim06,768,512,27,baseline,40938,28.81547706287557,0.8328857421875,40.938,37.5638,47.1934,47.8407,0.974364,42.47,92.663206,0.9908986762390528,0.9698344281549635,0.9760954502300607,35.00985074434582,36.69768146471621,0.987803404915196
kodim06,768,512,27,csf,39079,30.186238133012615,0.7950642903645834,39.079,36.6881,47.16,47.6817,0.972389,41.7158,91.827222,0.9900776001856669,0.9633718896489922,0.969409072333697,34.19821375019776,35.94973831012955,0.9869014266152886
kodim06,768,512,32,baseline,22103,53.37049269329955,0.4496866861979167,22.103,33.7662,45.6092,46.0371,0.955523,38.8405,86.458776,0.9769925084008794,0.9283365704773373,0.9438059913841073,31.322243905673023,33.29395781688072,0.9728861403146313
kodim06,768,512,32,csf,21237,55.54682864811414,0.43206787109375,21.237,33.2535,45.5938,45.8141,0.953005,38.3973,85.830024,0.9756833580079155,0.9207394012043176,0.9365789844520167,30.85957722164279,32.83653864123328,0.97145362292194
kodim06,768,512,37,baseline,10158,116.12994683992912,0.2066650390625,10.158,30.3298,43.7473,43.839,0.922909,35.5605,75.799816,0.9459254420335756,0.8499317634260655,0.8878485510485781,28.014870970632582,30.05436856471661,0.9403374039014817
kodim06,768,512,37,csf,9873,119.48222424794895,0.20086669921875,9.873,30.0742,43.889,43.8339,0.921449,35.36,74.977553,0.9454909824718049,0.8429878105694649,0.8818255419315453,27.78665745762559,29.821840831688476,0.9398961312115576
kodim07,768,512,22,baseline,40948,28.808439972648237,0.8330891927083334,40.948,44.9689,50.2832,50.4046,0.989254,48.732,95.922789,0.9979334071738701,0.9920618226336377,0.9951778068097332,42.13526983446969,42.435322183677116,0.9966914687497708
kodim07,768,512,22,csf,40329,29.250613702298594,0.82049560546875,40.329,44.3855,50.2115,50.2816,0.989,48.2309,95.670558,0.9978726941513819,0.9908725283031989,0.9939698205626901,41.64747266845132,42.075783541925766,0.9966201102087581
kodim07,768,512,27,baseline,25440,46.369811320754714,0.517578125,25.44,41.8551,48.1661,48.4872,0.984757,45.8187,93.973126,0.9961483043292023,0.9834532915148372,0.9889928605614039,39.266182516514206,40.0130943081211,0.9943606106410389
kodim07,768,512,27,csf,25007,47.172711640740594,0.5087687174479166,25.007,41.4722,48.1434,48.4999,0.984535,45.4822,93.850447,0.9960873455440021,0.9818409066750079,0.9874454678842014,38.93453710424902,39.77203398954284,0.994311024449258
kodim07,768,512,32,baseline,15174,77.74139976275208,0.3087158203125,15.174,38.5373,45.7104,46.2488,0.976733,42.6267,89.854629,0.992368877292448,0.9647412119310668,0.9759703662702729,36.102317999548696,37.15697202321,0.9895897217339545
kodim07,768,512,32,csf,15034,78.46534521750698,0.3058675130208333,15.034,38.3497,45.6025,46.2661,0.976471,42.4586,89.669289,0.9923256756175055,0.963176295234374,0.9740448094051721,35.94457635212789,37.02983135775975,0.98953287789666
kodim07,768,512,37,baseline,8579,137.50413801142324,0.17454020182291666,8.579,35.1215,42.8178,43.7002,0.961738,39.2858,83.095844,0.9838793057437994,0.9279866884890814,0.9491359972751244,32.800395010704726,34.00422500711973,0.9792109100682901
kodim07,768,512,37,csf,8632,136.6598702502317,0.17561848958333334,8.632,35.0835,42.688,43.6978,0.961469,39.2473,82.000591,0.9838648490512956,0.9271318608831475,0.9486029338654908,32.77550272158291,33.95364635567453,0.9791409681234535
kodim08,768,512,22,baseline,100812,11.701464111415307,2.051025390625,100.812,42.0194,47.4301,47.9638,0.98513,47.2748,96.545379,0.9983900853577162,0.9945448739941314,0.9951854129473217,39.94053267498473,39.825000685655915,0.9972847923968121
kodim08,768,512,22,csf,99764,11.824385549897759,2.0297037760416665,99.764,40.6573,47.2532,47.8466,0.983772,46.0133,96.369688,0.9980384888718185,0.9925223771866694,0.9929272881459204,38.66092140886105,38.90698517458538,0.9969079478826828
kodim08,768,512,27,baseline,61889,19.060705456543165,1.2591349283854167,61.889,37.8332,45.434,45.9088,0.974529,43.2433,95.110791,0.9955243262326134,0.9845751828043393,0.9868005780445281,35.87196256100799,36.488263495692614,0.9938207971464633
kodim08,768,512,27,csf,60343,19.54904462820874,1.2276814778645833,60.343,36.8543,45.3859,45.8435,0.973153,42.3416,94.793566,0.9950555351701158,0.9812952753959834,0.9825924325362814,34.98233670202173,35.74171492574606,0.9933164578216883
kodim08,768,512,32,baseline,36038,32.733448027082524,0.7331949869791666,36.038,34.0568,43.6877,43.7382,0.959114,39.5644,91.774521,0.9893047326904565,0.9647444912607636,0.9683271344344083,32.24872748565719,33.20661485356166,0.9866510260736935
kodim08,768,512,32,csf,34884,33.81630546955624,0.709716796875,34.884,33.4122,43.7524,43.7229,0.957827,38.9943,90.913431,0.9887124646651598,0.9605137909074849,0.9624246751444077,31.67618765696978,32.680134875794785,0.9861058362890033
kodim08,768,512,37,baseline,19839,59.4610615454408,0.40362548828125,19.839,30.5536,41.8058,41.1598,0.934432,36.1876,84.215574,0.9768390362586091,0.9292083582218517,0.9336010751532966,28.909748344731558,29.970362348419375,0.9727196179544548
kodim08,768,512,37,csf,19194,61.459206001875586,0.3905029296875,19.194,30.1823,41.7656,41.1756,0.933209,35.8719,84.215291,0.9761673628925347,0.9246296259946447,0.9279281283456617,28.589976044978584,29.639666528595413,0.9719859988591165
kodim09,512,768,22,baseline,33316,35.407852083083206,0.6778157552083334,33.316,42.9833,50.4736,50.2899,0.981022,47.6166,96.169276,0.9954114354838164,0.9799900910283293,0.9918280638057468,39.94641693877921,41.239775172157216,0.9933373668270559
kodim09,512,768,22,csf,32056,36.79960069877714,0.6521809895833334,32.056,42.4715,50.4031,50.2701,0.980602,47.1601,96.162822,0.9952561153481497,0.9781085062244512,0.9901601161534943,39.50223789919644,40.88553783685561,0.9931921206428808
kodim09,512,768,27,baseline,19848,59.43409915356711,0.40380859375,19.848,40.7807,48.9725,49.1077,0.977295,45.5493,94.833012,0.9933531231190574,0.9695344842441282,0.984935390261249,37.97609082121204,39.446786073683846,0.9908065361374717
kodim09,512,768,27,csf,19322,61.052065003622815,0.3931070963541667,19.322,40.3321,48.9986,49.1233,0.976873,45.1415,94.417257,0.993200271251572,0.9669347948715143,0.9824787383947124,37.58461755963138,39.13161326710181,0.990699465843157
kodim09,512,768,32,baseline,11442,103.09805977975878,0.2327880859375,11.442,38.0388,47.389,47.7186,0.970928,42.9084,91.17887,0.9890589470432359,0.9480717593014999,0.9705428840404984,35.43261029699262,37.13111167385015,0.9859582657018143
kodim09,512,768,32,csf,11151,105.78853914447134,0.22686767578125,11.151,37.7138,47.3133,47.7759,0.9704,42.6184,90.679228,0.9887871602432268,0.9449718471386263,0.9675437539596851,35.15856296272391,36.86489039599641,0.9856046664842827
kodim09,512,768,37,baseline,6091,193.67066163191595,0.12392171223958333,6.091,35.0556,45.2992,45.5289,0.958751,39.9994,84.318225,0.9795831812962704,0.9065986294324351,0.9433700434731113,32.61170061746728,34.39746736403539,0.9754399713919121
kodim09,512,768,37,csf,5968,197.6621983914209,0.12141927083333333,5.968,34.867,45.2654,45.6738,0.958322,39.8275,84.40336,0.9794509100960709,0.9032907739707452,0.9404304661388195,32.45197795297399,34.24154839539775,0.9753704884435713
kodim10,512,768,22,baseline,36521,32.30053941567865,0.7430216471354166,36.521,43.0681,50.0462,50.4187,0.982528,47.3519,96.057533,0.99598878769051,0.9820473630803531,0.9921566660107568,40.02171466651721,41.28147207925064,0.9940195113771882
kodim10,512,768,22,csf,35159,33.55180750305754,0.7153116861979166,35.159,42.5673,49.9482,50.3669,0.982052,46.9074,95.705616,0.9958048338087782,0.9801868371432574,0.9907493357532149,39.61087155651245,40.93507540141018,0.9938243108155995
kodim10,512,768,27,baseline,21486,54.90309969282323,0.4371337890625,21.486,40.6471,48.3921,48.9773,0.977104,45.0686,94.225812,0.9931389260851026,0.9695363543540149,0.9853428351728093,37.79618164764817,39.29401764508475,0.990485881277996
kodim10,512,768,27,csf,20762,56.81764762546961,0.4224039713541667,20.762,40.236,48.3262,48.9833,0.976587,44.701,94.080702,0.9928749953093765,0.9669590969833723,0.983091611357298,37.44981771579249,38.980934077039144,0.9902354957467897
kodim10,512,768,32,baseline,12010,98.22214820982515,0.24434407552083334,12.01,37.7972,46.3606,47.2722,0.96764,42.3368,89.855801,0.9869687662309758,0.9443461063085566,0.9705575598295577,35.10276906836913,36.80438667393731,0.9830834000548115
kodim10,512,768,32,csf,11862,99.44764795144158,0.2413330078125,11.862,37.5891,46.3685,47.2801,0.967358,42.1426,89.760786,0.9868058826526468,0.9423397994914472,0.9687063024094842,34.9518898560592,36.666148228992505,0.98296570970053
kodim10,512,768,37,baseline,6450,182.89116279069768,0.1312255859375,6.45,34.8459,44.2583,44.8799,0.951195,39.4427,81.638543,0.973285108334392,0.8985835570882116,0.9438710350214915,32.29035547039422,34.10940204136393,0.9675037636536515
kodim10,512,768,37,csf,6409,184.0611639881417,0.13039143880208334,6.409,34.6992,44.3249,44.9839,0.9509,39.3022,81.60076,0.973195414040156,0.8952786196461022,0.9411411550177158,32.16204199329448,34.00723845168667,0.9675612454523769
kodim11,768,512,22,baseline,70566,16.71694583793895,1.4356689453125,70.566,43.1277,49.9142,49.1208,0.986423,46.7683,96.016699,0.9973430054619673,0.9896800777741508,0.9933001846149333,40.37248627161262,41.17343422386522,0.9955192904172621
kodim11,768,512,22,csf,68951,17.108497338689794,1.4028116861979167,68.951,41.9866,49.9066,48.9938,0.985132,45.7642,95.708501,0.9968883674652056,0.9863044312398405,0.9905875897521526,39.30849164595117,40.39230006353031,0.9950938563426334
kodim11,768,512,27,baseline,41466,28.44856026624222,0.8436279296875,41.466,39.091,48.298,46.769,0.976035,42.9885,93.713865,0.9930138952295118,0.9720032983878415,0.9818450576096537,36.47609055874903,37.932377329328745,0.9899730962986387
kodim11,768,512,27,csf,40329,29.250613702298594,0.82049560546875,40.329,38.3316,48.2683,46.7556,0.974488,42.3125,93.839064,0.9923279470151145,0.9671129371141987,0.977468372424269,35.77776577981304,37.3334864408543,0.9893150204908346
kodim11,768,512,32,baseline,21866,53.94896185859325,0.4448649088541667,21.866,35.3778,46.5659,44.4221,0.956897,39.4417,89.91769,0.9821425121805933,0.9335218058591891,0.9570374581056738,32.86441025223891,34.656805805473304,0.9773786788330231
kodim11,768,512,32,csf,21135,55.81490418736693,0.42999267578125,21.135,34.9059,46.5628,44.3997,0.95513,39.0387,88.921214,0.981442753123653,0.927339772977574,0.951102471653381,32.462314724940654,34.244776589998104,0.97659032663818
kodim11,768,512,37,baseline,10377,113.67909800520381,0.21112060546875,10.377,32.1396,44.6247,42.1269,0.926747,36.3323,80.999425,0.9591332651718169,0.8619590506777702,0.9122897519390957,29.767571721765684,31.63774192412695,0.9518132984902228
kodim11,768,512,37,csf,10193,115.73118807024429,0.20737711588541666,10.193,31.92,44.6,42.101,0.92557,36.1452,80.486817,0.9587741658175267,0.855790308811927,0.9069869810629458,29.588902933106127,31.437320946305217,0.9514953927878055
kodim12,768,512,22,baseline,43377,27.19524171796113,0.88250732421875,43.377,44.0571,50.6526,50.9914,0.985707,49.1023,95.917072,0.9963418862029899,0.985349589588097,0.9929362671243265,40.78667970149378,41.83788624811153,0.9940568708767934
kodim12,768,512,22,csf,41570,28.37738753909069,0.8457438151041666,41.57,43.2641,50.5885,50.9115,0.984692,48.3717,95.77036,0.9959678868701486,0.9821327445143662,0.9907976609775208,40.08765388973285,41.32198547867978,0.9936619918660575
kodim12,768,512,27,baseline,23290,50.65040790038643,0.4738362630208333,23.29,40.6708,49.2389,49.4034,0.977373,45.8552,94.205906,0.9914281821069043,0.9652162263705021,0.9830352918103638,37.637708325349024,39.28107014691132,0.988281684321004
kodim12,768,512,27,csf,22234,53.05604029864172,0.4523518880208333,22.234,40.1564,49.2731,49.3645,0.976312,45.3906,93.865715,0.990911901509702,0.9607920491817467,0.9800692144778009,37.17293481490204,38.91289648575278,0.9877839263165029
kodim12,768,512,32,baseline,11390,103.56874451273046,0.23173014322916666,11.39,37.5455,47.7155,47.6149,0.963857,42.8312,90.89742,0.9810037880327847,0.9254406675353427,0.9637974454808655,34.66890313226239,36.66106199545212,0.9769396550943369
kodim12,768,512,32,csf,10939,107.83874211536704,0.22255452473958334,10.939,37.2505,47.7679,47.4916,0.962851,42.5563,90.431524,0.980439075445651,0.9207813645322271,0.9605654447942431,34.40216712381463,36.41603306950159,0.9763297614838593
kodim12,768,512,37,baseline,5200,226.85538461538462,0.10579427083333333,5.2,34.8401,45.9224,45.4436,0.944846,40.174,83.951206,0.962607171772613,0.8639241685445272,0.9336556695819077,32.08796398320105,34.1889963664988,0.9576094249300174
kodim12,768,512,37,csf,5111,230.80571316767757,0.10398356119791667,5.111,34.6793,45.9245,45.4643,0.943864,40.0264,83.31239,0.9620319039254206,0.8602471418326662,0.9312826070387332,31.94272893028466,34.05147284054772,0.9570087143911264
kodim13,768,512,22,baseline,145310,8.118147408987682,2.9563395182291665,145.31,42.0676,46.6726,48.3511,0.985179,46.9896,95.937744,0.9985876753795776,0.9951878163684041,0.994998015756958,39.80315313461112,39.80754996908044,0.9969398704393925
kodim13,768,512,22,csf,151230,7.800357072009522,3.0767822265625,151.23,40.3831,46.4556,48.3337,0.983655,45.3526,95.667711,0.9981504837859625,0.9927548269804319,0.9921671042000652,38.196048621302204,38.70068397029356,0.9964902541637551
kodim13,768,512,27,baseline,97100,12.148795056642637,1.9755045572916667,97.1,37.2129,44.084,46.4198,0.972979,42.2287,93.89115,0.995607216711944,0.9845936474489692,0.984081305523097,35.034220193203694,35.9228638971621,0.9924392862524729
kodim13,768,512,27,csf,97845,12.056293116664111,1.99066162109375,97.845,35.8056,44.0096,46.3803,0.970052,40.882,93.29875,0.994639799740192,0.9784751341972687,0.9769197520301577,33.708717500114886,34.84137924746425,0.9914477029674061
kodim13,768,512,32,baseline,56971,20.706113636762563,1.1590779622395833,56.971,32.5308,42.074,44.6263,0.949438,37.6256,89.363214,0.9859155588997619,0.9530600898231011,0.9536348466544768,30.409419588094696,31.88075646017605,0.9805769862485003
kodim13,768,512,32,csf,55535,21.24152336364455,1.1298624674479167,55.535,31.5915,42.0712,44.6155,0.945089,36.7746,88.395493,0.984109540547424,0.9420220842124266,0.9410975418050079,29.579305513726943,31.072671340006185,0.9787050997527902
kodim13,768,512,37,baseline,28358,41.59842019888568,0.5769449869791666,28.358,28.4664,40.3277,42.9385,0.904962,33.7069,79.245785,0.9577423912355557,0.8756926244408328,0.8879526584810906,26.4743547684167,28.14552481627608,0.9502323335060243
kodim13,768,512,37,csf,26930,43.804233197177865,0.5478922526041666,26.93,27.9274,40.3812,42.915,0.90044,33.26,77.975221,0.954851114019604,0.8610476542424932,0.8731894981047323,26.029958498949117,27.655840676929202,0.9472984615745786
kodim14,768,512,22,baseline,91900,12.836213275299238,1.8697102864583333,91.9,42.4302,48.4055,49.1002,0.987752,46.1178,95.90426,0.9975787788277196,0.9900804238527292,0.9929403442492819,39.72491282140672,40.47627885405626,0.9961125119772133
kodim14,768,512,22,csf,89684,13.153382989161946,1.8246256510416667,89.684,41.1959,48.0663,48.7196,0.986309,45.0065,95.692426,0.9971554547406546,0.9865846728704697,0.9899865148643956,38.56050538264125,39.562435408070414,0.9956612213896806
kodim14,768,512,27,baseline,55457,21.271399462646734,1.1282755533854167,55.457,38.1833,46.0027,46.7845,0.977576,42.0774,94.082806,0.9930850567059085,0.9718775326641782,0.9805288978240869,35.567957934305085,36.959953925961536,0.9906202067788704
kodim14,768,512,27,csf,53281,22.14012499765395,1.0840047200520833,53.281,37.3909,45.8155,46.55,0.975754,41.3665,93.789824,0.9924262307230906,0.9662350535670525,0.9756723596549097,34.845704894345964,36.313268860006886,0.9899784901992744
kodim14,768,512,32,baseline,29699,39.72012525674265,0.6042277018229166,29.699,34.3057,43.6784,44.2754,0.957621,38.3491,89.73526,0.9817331726966135,0.9296435596877137,0.9525780285724152,31.769042213406177,33.477236173569466,0.9775908894091557
kodim14,768,512,32,csf,28753,41.02695370917817,0.5849812825520834,28.753,33.9044,43.5372,44.261,0.955539,37.9934,89.191267,0.9806820707972638,0.9225820066287472,0.9472474121969187,31.411084662492755,33.134920058213986,0.9765492984875547
kodim14,768,512,37,baseline,14523,81.22619293534393,0.29547119140625,14.523,30.9846,41.2231,41.7027,0.923814,35.1697,80.141894,0.956716174245356,0.8517342594042475,0.9037648545216318,28.547533111603496,30.335116087014555,0.9499416530507632
kodim14,768,512,37,csf,14213,82.9978188981918,0.2891642252604167,14.213,30.8116,41.2782,41.7119,0.922305,35.0132,79.673354,0.9557521883051793,0.8467763709173703,0.8999108567393126,28.392797294358758,30.1865710136097,0.9488367097832008
kodim15,768,512,22,baseline,48869,24.138983813869732,0.9942423502604166,48.869,43.6502,50.2296,48.9934,0.985095,46.2689,96.094809,0.9964411578433999,0.9857189704813645,0.992411469260083,40.57736563557471,41.34807944114434,0.9940976335085563
kodim15,768,512,22,csf,47533,24.817453137820042,0.9670613606770834,47.533,42.6997,50.1688,48.7954,0.983781,45.4512,95.975389,0.9960522241870573,0.9815431103501174,0.989598636642289,39.71380890915454,40.722564335598165,0.9936716048159266
kodim15,768,512,27,baseline,26235,44.964665523156086,0.53375244140625,26.235,40.074,48.6623,46.4449,0.975473,42.9434,94.290706,0.9921772627634405,0.9637729843291972,0.9803125030671382,37.21053621916396,38.54509311191115,0.98863900786679
kodim15,768,512,27,csf,25434,46.38075017692852,0.5174560546875,25.434,39.4535,48.6386,46.4386,0.974268,42.4432,94.309507,0.9916721074273809,0.9576676449755062,0.9759827381431577,36.64760774984045,38.084920799170916,0.9882049547079856
kodim15,768,512,32,baseline,12904,91.41723496590204,0.2625325520833333,12.904,36.8367,46.9757,44.2408,0.960994,39.9408,91.336559,0.9834230254141543,0.9217755934988934,0.9559379676337332,34.129013034189704,35.75023704416222,0.9786779629147774
kodim15,768,512,32,csf,12352,95.50259067357513,0.2513020833333333,12.352,36.4291,46.9627,44.188,0.959575,39.6195,90.767028,0.9829050660648851,0.9137253504043755,0.9498466743078653,33.77232196692382,35.4184313267295,0.9781822661707925
kodim15,768,512,37,baseline,5751,205.12050078247262,0.11700439453125,5.751,34.0111,44.904,41.6738,0.939939,37.3192,84.631479,0.9677594797933757,0.8585314851376841,0.9182121345337264,31.476392316223432,33.11989941375893,0.9616613500920467
kodim15,768,512,37,csf,5564,212.01437814521927,0.11319986979166667,5.564,33.7971,45.069,41.479,0.938305,37.1717,84.511846,0.9673321328641356,0.8508721056006731,0.9119640774667808,31.29880082423277,32.93560431519568,0.9610525083383274
kodim16,768,512,22,baseline,53070,22.228151498021482,1.0797119140625,53.07,43.3654,50.2772,51.963,0.987343,47.1871,94.92701,0.996739555659796,0.9871989912131265,0.9919645692414245,40.350919772114686,41.65684966696127,0.994774389991532
kodim16,768,512,22,csf,50486,23.365843996355427,1.0271402994791667,50.486,42.3062,50.2371,51.9106,0.98628,46.2234,94.582328,0.9963063738540392,0.983265542215277,0.98866248938239,39.36461730252642,40.91152476203877,0.9943202636124396
kodim16,768,512,27,baseline,30641,38.49900460167749,0.6233927408854166,30.641,39.5733,48.8488,50.7145,0.979695,43.5793,91.945111,0.9919400317506487,0.967965077529771,0.9793889151442723,36.697795695587146,38.634450425679596,0.989184269802843
kodim16,768,512,27,csf,29155,40.46125878922998,0.5931599934895834,29.155,38.8515,48.8929,50.7024,0.978175,42.9129,91.490499,0.9912046275683684,0.9617517629245705,0.9742010844319008,36.007587863586785,38.06033180429531,0.9885136512718978
kodim16,768,512,32,baseline,15769,74.80804109328429,0.3208211263020833,15.769,36.0165,47.5626,49.2043,0.965159,40.1367,86.527133,0.9804105885958229,0.9259092484360474,0.9530090570148146,33.21839957389673,35.536535326247986,0.9768562914861881
kodim16,768,512,32,csf,15044,78.4131879819197,0.3060709635416667,15.044,35.583,47.5611,49.24,0.963165,39.7361,85.923794,0.9793329229213981,0.9178358152811295,0.947355617473474,32.80528465887421,35.147681557417364,0.9758805791064256
kodim16,768,512,37,baseline,6981,168.97980232058444,0.14202880859375,6.981,32.8765,45.7939,47.5827,0.940239,37.0723,76.732917,0.9551693041665811,0.8486242055826372,0.9096533706004493,30.14616028152201,32.60220898339366,0.9508553671243893
kodim16,768,512,37,csf,6902,170.9139379889887,0.14042154947916666,6.902,32.7069,45.8749,47.4172,0.938661,36.9138,76.327416,0.9547285325684505,0.83997382683553,0.9054624519421053,29.97801896257046,32.44171003271017,0.9501485410926738
kodim17,512,768,22,baseline,47397,24.888663839483513,0.96429443359375,47.397,43.1637,49.5389,50.7007,0.984333,45.7496,95.837048,0.9968418513684287,0.9856605551701161,0.9924284296956081,40.27993683684648,41.32124840166483,0.9950683327114825
kodim17,512,768,22,csf,46462,25.389522620636217,0.9452718098958334,46.462,42.528,49.4314,50.6264,0.983671,45.2905,95.666633,0.996627952951575,0.983366548399671,0.9906395825655321,39.69775135245948,40.86407830381237,0.9948280537433889
kodim17,512,768,27,baseline,27115,43.50536603356076,0.5516560872395834,27.115,39.9447,47.7486,49.2673,0.977136,43.0732,93.843404,0.9931494917706241,0.968388371728238,0.9828567893397407,37.191493890660766,38.70791573169468,0.9906500090657248
kodim17,512,768,27,csf,26497,44.52005887458957,0.5390828450520834,26.497,39.5455,47.6549,49.183,0.976574,42.769,93.40183,0.992961728022205,0.9656285602907985,0.9804906429579211,36.84178887653979,38.397647440365546,0.9904533403169519
kodim17,512,768,32,baseline,14794,79.73827227254293,0.3009847005208333,14.794,36.7637,45.8976,47.713,0.96527,40.2158,88.890962,0.9850445149380583,0.9346538028158337,0.9637827926671343,34.12426261282418,35.94799918526643,0.9817000488234225
kodim17,512,768,32,csf,14627,80.64866343064196,0.2975870768229167,14.627,36.5438,45.8168,47.7478,0.965017,40.0465,88.704625,0.984924326252709,0.9324310127316358,0.9611730574437576,33.95867673057522,35.754231494666975,0.9816041239052061
kodim17,512,768,37,baseline,7651,154.1821984054372,0.15565999348958334,7.651,33.7622,43.9773,46.0234,0.947244,37.4053,79.05813,0.9685564937717732,0.8806634742225962,0.9314024752490829,31.266329273049056,33.193824264847734,0.9641601916392366
kodim17,512,768,37,csf,7639,154.42440109962038,0.15541585286458334,7.639,33.663,43.9444,46.1286,0.946872,37.3339,78.374251,0.9683388065552836,0.8781910269296228,0.9293018675720217,31.184236601648433,33.092408143331255,0.9638127439906405
kodim18,512,768,22,baseline,91640,12.872632038411174,1.8644205729166667,91.64,41.615,47.1781,47.7344,0.980146,44.5168,96.221051,0.9965397702037407,0.9878361908692099,0.9922705053345158,38.902775310200525,39.62501359540508,0.9939683590995023
kodim18,512,768,22,csf,90344,13.05729212786682,1.8380533854166667,90.344,40.4198,47.0533,47.6253,0.978763,43.5385,95.641314,0.9960437236002275,0.9842813863763573,0.9889350344960209,37.80393052814972,38.810935617883956,0.9934212437083674
kodim18,512,768,27,baseline,56215,20.984577070177,1.1436971028645833,56.215,37.9833,44.87,45.2851,0.967851,41.3043,94.20669,0.9924598184217596,0.9725164086509847,0.9809247945605591,35.427372143932466,36.55240093392704,0.9879989487813688
kodim18,512,768,27,csf,54737,21.551199371540275,1.1136271158854167,54.737,37.0267,44.7969,45.2248,0.966176,40.56,93.613628,0.9918741520599887,0.9667822443367831,0.9746431788936599,34.569241588192774,35.845283969180514,0.9874065906291857
kodim18,512,768,32,baseline,31647,37.27519196132335,0.64385986328125,31.647,34.285,42.6082,42.7202,0.946745,37.9582,89.71172,0.9835911582145366,0.9393259197017532,0.9543667442223601,31.870804542081075,33.280672126557576,0.9759321575226872
kodim18,512,768,32,csf,30591,38.561929979405704,0.62237548828125,30.591,33.6595,42.6173,42.7398,0.945045,37.4756,88.94147,0.9827875117615427,0.9311949397081015,0.945761059630873,31.32740427236266,32.790449961766896,0.9751113026485486
kodim18,512,768,37,baseline,15616,75.54098360655738,0.3177083333333333,15.616,30.658,40.6047,40.5214,0.911834,34.5922,80.500099,0.9611814305796976,0.8704638123983369,0.9016771206860269,28.374357859460282,30.00654147111956,0.9489209942316311
kodim18,512,768,37,csf,15242,77.39456764204172,0.3100992838541667,15.242,30.3708,40.5467,40.4452,0.909223,34.368,79.751157,0.9598847186030716,0.8616750918830343,0.8945084094706671,28.121280434685545,29.761786848536936,0.9475864553813063
kodim19,512,768,22,baseline,62471,18.883129772214307,1.2709757486979167,62.471,42.7506,48.9538,49.561,0.982802,47.08,96.222643,0.9963944902330187,0.9899423701961397,0.993685376489175,39.98043858588317,40.786028663091074,0.9938522754880292
kodim19,512,768,22,csf,62725,18.806664009565566,1.2761433919270833,62.725,41.7181,48.9322,49.4568,0.981772,46.0962,96.127568,0.9960620913862769,0.9872236953039257,0.9911475917692163,39.030059787880454,40.097836985357276,0.9935068420487788
kodim19,512,768,27,baseline,36053,32.71982914043214,0.7335001627604166,36.053,39.0824,47.5727,47.877,0.974537,43.511,94.417956,0.9921407276725235,0.9768036718353353,0.983518916984952,36.4617070678791,37.924313084063755,0.988702550336351
kodim19,512,768,27,csf,34812,33.88624612202689,0.708251953125,34.812,38.2781,47.4871,47.8761,0.972701,42.7363,94.327062,0.9915240046652785,0.9713810909313622,0.9788876498340993,35.70349387051426,37.28685588464454,0.9879966186167396
kodim19,512,768,32,baseline,17851,66.08302055907232,0.3631795247395833,17.851,35.3831,46.1364,46.3346,0.958138,39.8381,90.500032,0.981248019697799,0.9425797076280705,0.9595905600178857,32.82644088051077,34.74680813065238,0.9768910357396701
kodim19,512,768,32,csf,17052,69.17945109078114,0.346923828125,17.052,34.9461,46.1742,46.3294,0.955865,39.4159,90.818145,0.9802956999325382,0.9344655794019703,0.9538187262343523,32.40893490231455,34.37607302212268,0.9759851333839387
kodim19,512,768,37,baseline,7984,147.75150300601203,0.16243489583333334,7.984,32.361,44.6657,44.6641,0.931597,36.9162,82.140796,0.9563602610811255,0.8728705535844415,0.9201708686881147,29.894433719880045,31.977310469287726,0.9517217027880576
kodim19,512,768,37,csf,7793,151.37277043500578,0.15854899088541666,7.793,32.1714,44.5484,44.6561,0.930332,36.7744,82.275773,0.9553803321239128,0.8677528642845169,0.9166027174780507,29.726493062856285,31.798946043771053,0.9509573524304384
kodim20,768,512,22,baseline,38991,30.254366392244364,0.79327392578125,38.991,44.5533,47.4096,50.2675,0.984857,48.7085,96.531606,0.9976921909975456,0.9873442668637534,0.9927572904881214,41.30492338078561,41.2276842095789,0.9938039100419281
kodim20,768,512,22,csf,38975,30.26678640153945,0.7929484049479166,38.975,43.5529,47.33,50.1812,0.984133,47.6911,96.308862,0.99747777581508,0.9842307974866836,0.9899203670889062,40.483233008290156,40.71161302863581,0.9935812825707485
kodim20,768,512,27,baseline,22697,51.97374102304269,0.4617716471354167,22.697,40.8785,46.3769,48.7549,0.979184,44.9785,95.221155,0.9955272910675026,0.9709330722552254,0.9808847043241936,38.06938119332719,38.92322406149803,0.9906857064190128
kodim20,768,512,27,csf,22059,53.476948184414525,0.44879150390625,22.059,40.1079,46.341,48.7013,0.978022,44.2241,94.851792,0.9951845430909063,0.9651059074932425,0.9758641238606673,37.34545124758584,38.39920580890038,0.9903009562038223
kodim20,768,512,32,baseline,11452,103.00803353126092,0.23299153645833334,11.452,37.144,45.1793,47.2264,0.967881,41.2447,91.975538,0.9894700284815756,0.9283048553108658,0.9528600356449555,34.49746954987162,36.03232813956245,0.9834326594302464
kodim20,768,512,32,csf,11061,106.6493083807974,0.22503662109375,11.061,36.7444,45.1316,47.2783,0.966409,40.8859,91.768128,0.9887455549041569,0.9195818203099991,0.9470843649661739,34.14855014462027,35.711400747109565,0.9826727661325712
kodim20,768,512,37,baseline,5322,221.65501691093573,0.1082763671875,5.322,34.1422,43.5219,45.5437,0.950111,38.3184,85.176887,0.9752267683913114,0.843419002764625,0.9074505883260828,31.707687522024287,33.4231386650576,0.9679820613282399
kodim20,768,512,37,csf,5309,222.19777735920135,0.10801188151041667,5.309,34.0242,43.5879,45.4529,0.949812,38.2296,84.982787,0.9748761127681486,0.8419401775212039,0.9047512343102293,31.61275388727482,33.34849677973909,0.9675238607435129
kodim21,768,512,22,baseline,68240,17.28675263774912,1.3883463541666667,68.24,42.7948,48.328,49.9305,0.983179,47.2588,96.169095,0.9964078015538793,0.9886297210231186,0.9934990562934126,40.05468807936544,40.72483742185291,0.9937758624408201
kodim21,768,512,22,csf,68468,17.22918735759771,1.3929850260416667,68.468,41.6154,48.1271,49.9069,0.982329,46.1691,96.135052,0.996166737340401,0.9859522348092605,0.9903174450397072,39.04685896295185,39.93428947321228,0.9935389698377094
kodim21,768,512,27,baseline,43279,27.256822015296102,0.8805135091145834,43.279,39.3259,46.2909,48.3217,0.976295,43.9426,94.336638,0.9938253126297717,0.97716527399215,0.983460705775235,36.88332014882134,37.93577023985297,0.990156563293196
kodim21,768,512,27,csf,41765,28.2448940500419,0.8497111002604166,41.765,38.1723,46.1827,48.2753,0.975122,42.8794,94.072035,0.9934380410392318,0.9716230171921647,0.976382475119978,35.871345868617595,37.06365010688563,0.9896890147870575
kodim21,768,512,32,baseline,25038,47.11430625449317,0.5093994140625,25.038,35.563,44.5977,46.5813,0.965406,40.3109,90.444963,0.9882752409860789,0.9504795013455732,0.9583996248224268,33.33359295968514,34.749323275313756,0.9831985025101347
kodim21,768,512,32,csf,23930,49.29577935645633,0.4868570963541667,23.93,34.8465,44.5847,46.6144,0.964235,39.6614,90.048584,0.9877751188605725,0.9429995476448463,0.9493056807923972,32.70380173517273,34.149856809967545,0.9826392194179229
kodim21,768,512,37,baseline,12819,92.02340276152586,0.26080322265625,12.819,31.9893,43.1335,44.7557,0.947932,36.8382,82.280621,0.9757911666664063,0.8951923881272279,0.910668385444926,29.914004098562646,31.520067857874174,0.96896415049726
kodim21,768,512,37,csf,12237,96.4000980632508,0.24896240234375,12.237,31.6078,43.0276,44.8218,0.9464,36.4955,82.638655,0.9753013880551865,0.8866746309341806,0.9012864348692432,29.580535585465828,31.183069648031022,0.9686352331876718
kodim22,768,512,22,baseline,72443,16.283809339756775,1.4738566080729167,72.443,42.3837,47.6576,48.0476,0.981655,46.5628,95.668675,0.9961820300867693,0.9858286531603826,0.9917279851224847,39.422875359455986,40.13283248587662,0.9930698062323704
kodim22,768,512,22,csf,71944,16.396753030134548,1.4637044270833333,71.944,41.3222,47.6049,47.8748,0.98023,45.5867,95.221754,0.9957633250356247,0.9819434867691266,0.9884640166505565,38.43924164758096,39.447381222618056,0.9926206654191132
kodim22,768,512,27,baseline,40563,29.081872642556025,0.82525634765625,40.563,38.401,45.2881,45.4775,0.967622,42.7396,93.150428,0.9907832884857394,0.9644385577315677,0.9775292722511377,35.58454634196643,36.87703252133326,0.9851402246747162
kodim22,768,512,27,csf,39494,29.869043398997317,0.8035074869791666,39.494,37.6639,45.2734,45.3754,0.965703,42.0858,93.046094,0.9901364610635861,0.9576224370093721,0.9715695787287025,34.90121003795625,36.340519109797924,0.9844870208700937
kodim22,768,512,32,baseline,20039,58.867608164080046,0.4076944986979167,20.039,34.7274,43.0224,43.0913,0.942117,39.1944,88.052101,0.9772236519617796,0.913587337133224,0.9459085455194605,31.99651595917764,33.66449193789213,0.9676250854952837
kodim22,768,512,32,csf,19157,61.577908858380745,0.3897501627604167,19.157,34.3004,43.0323,43.0183,0.93979,38.8244,87.385836,0.9762446427069512,0.9036750155675742,0.9386040434715388,31.594648634468278,33.310383895073855,0.9667029982849019
kodim22,768,512,37,baseline,8370,140.93763440860215,0.1702880859375,8.37,31.5714,40.9099,41.007,0.903482,36.1245,78.032958,0.9461277235938174,0.8194314418086754,0.8932746234893996,28.917347462906843,30.783282383766327,0.9322168076107263
kodim22,768,512,37,csf,8272,142.6073500967118,0.16829427083333334,8.272,31.4539,40.9779,40.9572,0.903223,36.0253,77.322259,0.9461511243461381,0.8172885613183667,0.8908112050255704,28.816087341290547,30.67443781113273,0.9322505169359973
kodim23,768,512,22,baseline,31946,36.92631315344644,0.6499430338541666,31.946,44.5801,50.0671,49.9674,0.985692,48.273,96.446862,0.9966118821326369,0.9838537260119596,0.9933796276298534,41.451746113274986,42.21203598575151,0.9945964398192241
kodim23,768,512,22,csf,30899,38.177546198906114,0.6286417643229166,30.899,44.0862,50.012,49.9085,0.985343,47.8924,96.345869,0.9964705109687767,0.9821015928802463,0.9919951249686626,41.03349495058754,41.87600048941842,0.9944632897490178
kodim23,768,512,27,baseline,18247,64.64887378747191,0.3712361653645833,18.247,42.1761,48.326,48.045,0.980606,46.0743,94.684003,0.9939700723877064,0.9718117828902234,0.9873218797781167,39.233014141745336,40.21507833004862,0.991023926165254
kodim23,768,512,27,csf,17807,66.24630763183018,0.3622843424479167,17.807,41.8565,48.2879,48.0103,0.980337,45.8459,94.669629,0.9938773465921041,0.9698059101350215,0.9854795322890227,38.99187079652075,40.01763879300483,0.9908884892908568
kodim23,768,512,32,baseline,10208,115.56112852664577,0.20768229166666666,10.208,39.5891,46.1413,45.7522,0.972519,43.6576,90.885937,0.9888771736291656,0.9503205705079274,0.9762399645006091,36.83387279223852,37.9168702272083,0.9841348819076714
kodim23,768,512,32,csf,10056,117.30787589498807,0.20458984375,10.056,39.3858,46.1561,45.7441,0.972456,43.5294,90.592543,0.9888575562350892,0.9485852643129294,0.973975790789074,36.69564105715873,37.76203796504048,0.984115097683889
kodim23,768,512,37,baseline,5646,208.93517534537725,0.1148681640625,5.646,36.9164,43.7741,43.3879,0.960451,41.126,83.322148,0.9785890554536281,0.9158193022278117,0.9572814522670168,34.303088256620015,35.40300882718136,0.9715580097361441
kodim23,768,512,37,csf,5586,211.1793770139635,0.1136474609375,5.586,36.7451,43.7398,43.3319,0.960281,40.9874,82.720009,0.9786916648876551,0.9140170529700518,0.9548012710263044,34.17966543621005,35.2814374211393,0.9715391905975447
kodim24,768,512,22,baseline,85112,13.85994924334994,1.7316080729166667,85.112,42.9205,47.6519,48.4532,0.986359,47.1156,96.06925,0.9977941108737275,0.9921995796847688,0.9943038667536449,40.26973984175668,40.494313446529404,0.9961946546470392
kodim24,768,512,22,csf,86388,13.6552298930407,1.757568359375,86.388,41.8679,47.3512,48.2813,0.98534,46.1823,95.6552,0.997548295458014,0.9900995615018302,0.9922073631391706,39.298328578812885,39.81329467476603,0.9959333322085085
kodim24,768,512,27,baseline,49251,23.951757324724372,1.00201416015625,49.251,37.9916,44.4014,45.8757,0.973832,42.4852,93.130876,0.9934028428078686,0.9747849291795272,0.9807216290565126,35.542950096976355,36.49630383850736,0.9904496085595699
kodim24,768,512,27,csf,49130,24.010746997761043,0.9995524088541666,49.13,37.2121,44.1647,45.7699,0.972185,41.8082,92.657557,0.9929196802721532,0.9701870577907357,0.9757807386881631,34.842210523953355,35.8865893536623,0.9899462920274661
kodim24,768,512,32,baseline,27370,43.10003653635367,0.5568440755208334,27.37,34.0009,41.3012,43.5547,0.951521,38.6934,88.230339,0.9832852872410706,0.9376778974452256,0.9513874299256613,31.69500755102852,32.88392826297074,0.9783578090622829
kodim24,768,512,32,csf,26774,44.05946067080003,0.5447184244791666,26.774,33.4641,41.2783,43.4983,0.949834,38.2625,87.743299,0.982607141053532,0.9307552146030929,0.9437859281782797,31.24562020682474,32.46373972251505,0.9777226741536897
kodim24,768,512,37,baseline,13689,86.17488494411572,0.27850341796875,13.689,30.3411,39.4834,41.5107,0.916296,35.2397,78.005043,0.9588033751930233,0.8631445819041842,0.8951808312353401,28.19615597722396,29.627476438145415,0.951518527817421
kodim24,768,512,37,csf,13330,88.49572393098275,0.2711995442708333,13.33,30.0014,39.4172,41.4252,0.914202,34.9559,77.243985,0.9574816121769897,0.8529642742318068,0.8861638842449776,27.927089542702227,29.319722647489183,0.9499280689522934
lenna,512,512,22,baseline,25886,30.380591825697287,0.78997802734375,25.886,42.2096,999.99,999.99,0.989212,46.0607,95.895934,0.995847503489323,0.9817623419118818,0.9903525562093614,39.220506992925806,41.57843986015048,0.9958452207767742
lenna,512,512,22,csf,23747,33.11710952962479,0.724700927734375,23.747,41.4567,999.99,999.99,0.988168,45.3181,95.746836,0.9954975917059486,0.978360759077427,0.987613973137997,38.56144215678016,40.928491908836016,0.9954953622705721
lenna,512,512,27,baseline,12387,63.48849600387503,0.378021240234375,12.387,39.3789,999.99,999.99,0.982744,43.2207,93.843421,0.9916911560202374,0.9632551188943708,0.980036339760182,36.5632084317324,39.041692933393996,0.9916889311366847
lenna,512,512,27,csf,12014,65.45963043116365,0.36663818359375,12.014,39.1041,999.99,999.99,0.982266,42.9675,93.76253,0.9915443952502825,0.9608787242399695,0.9781333052190124,36.330326649186844,38.78953798240022,0.9915421726816726
lenna,512,512,32,baseline,6767,116.21575291857543,0.206512451171875,6.767,37.1134,999.99,999.99,0.976442,41.0305,89.634172,0.9862451282359195,0.9411831257181175,0.9668890262143477,34.44346343951727,36.904308390920804,0.9862428530128488
lenna,512,512,32,csf,6673,117.85283980218792,0.203643798828125,6.673,36.9611,999.99,999.99,0.97587,40.889,89.360491,0.9859474187952889,0.9377388424293291,0.9653524655799426,34.30248260812672,36.75184474413747,0.9859450922783809
lenna,512,512,37,baseline,3742,210.16354890432925,0.11419677734375,3.742,34.7805,999.99,999.99,0.967554,38.7599,82.291771,0.9770794563046293,0.9056122012113389,0.9470137807867551,32.23683847390363,34.65856938643564,0.9770772248979798
lenna,512,512,37,csf,3702,212.43435980551052,0.11297607421875,3.702,34.6734,999.99,999.99,0.966892,38.648,82.759731,0.976474466720848,0.9028576607427868,0.9460524132541195,32.14702480668499,34.562904420213,0.9764723784311085
mixed_content_512x512,512,512,22,baseline,4718,166.68757948283172,0.14398193359375,4.718,55.1764,63.8258,64.1628,0.998734,57.0852,97.117261,0.9997428322064567,0.9997376034183165,0.9997936645122033,50.024925275986256,48.806938784695184,0.9997344103981973
mixed_content_512x512,512,512,22,csf,4836,162.62034739454094,0.1475830078125,4.836,54.9919,63.2673,64.2518,0.998713,57.005,97.125385,0.9997374927824381,0.9997156137612,0.9997585911124023,49.79475282884404,48.65093586716522,0.9997276993007448
mixed_content_512x512,512,512,27,baseline,3809,206.46678918351273,0.116241455078125,3.809,51.9628,57.2254,57.7996,0.997674,55.1194,96.959386,0.9995244447840544,0.9994275689654983,0.9995115365277049,47.85375857603491,47.071482858912894,0.9994940102880611
mixed_content_512x512,512,512,27,csf,3849,204.3211223694466,0.117462158203125,3.849,51.7495,57.0541,57.7636,0.997642,54.9907,96.929739,0.9995565126080423,0.9993625574439756,0.9994095770944321,47.82306070049421,46.93031766702792,0.9995243210264845
mixed_content_512x512,512,512,32,baseline,3008,261.4468085106383,0.091796875,3.008,48.3339,53.3121,54.9395,0.99645,52.3203,96.339699,0.9993525761965307,0.9987177472900856,0.9988187116261009,45.62421433755987,45.07246105579641,0.9992898933833955
mixed_content_512x512,512,512,32,csf,3048,258.01574803149606,0.093017578125,3.048,47.7814,53.276,55.3632,0.996436,51.9409,96.322113,0.9993471138261091,0.9986409667646663,0.9986429045370614,45.10968908187479,44.866138472970036,0.9992817832633443
mixed_content_512x512,512,512,37,baseline,2366,332.3888419273035,0.07220458984375,2.366,44.8759,49.1025,51.0989,0.993095,49.207,95.252109,0.9987296463394184,0.9972228227830728,0.9973021120712078,42.7051841235176,42.27025166816056,0.9986099087031487
mixed_content_512x512,512,512,37,csf,2425,324.30185567010307,0.074005126953125,2.425,44.221,49.775,51.2808,0.993248,48.6366,94.837898,0.9987318702859379,0.9966347371493857,0.9966098848418624,42.06014612056193,42.08119506236362,0.998607704672548
peppers,512,512,22,baseline,34540,22.768731905037637,1.0540771484375,34.54,41.8208,89.3059,89.3059,0.9886,45.5662,96.138812,0.9957833252240688,0.980391333828811,0.9900918440093152,38.8750092171329,41.25133122577594,0.995781066352256
peppers,512,512,22,csf,32681,24.063890333833115,0.997344970703125,32.681,40.6413,89.3059,89.3059,0.985541,44.4715,95.911341,0.9951004911510055,0.9749003112330983,0.9855601322447893,37.77896101567058,40.18183235043927,0.9950981191007782
peppers,512,512,27,baseline,12820,61.34414976599064,0.3912353515625,12.82,37.8675,89.3059,89.3059,0.974755,41.6678,94.439101,0.9896147911992742,0.9466620388195511,0.971436492115627,35.06149269430145,37.61190610132469,0.9896124937608728
peppers,512,512,27,csf,11521,68.26074125509939,0.351593017578125,11.521,37.4313,89.3059,89.3059,0.972311,41.2601,94.329353,0.9889655562326267,0.9410219137012991,0.9664615627364285,34.65173596090133,37.2072433653695,0.988963280760954
peppers,512,512,32,baseline,6075,129.45382716049383,0.185394287109375,6.075,35.962,89.3059,89.3059,0.965834,39.8476,90.478521,0.9832080857284593,0.9206966994850233,0.9555854634183173,33.260539470622525,35.78327329388363,0.983205711254031
peppers,512,512,32,csf,6090,129.13497536945812,0.18585205078125,6.09,35.9096,89.3059,89.3059,0.965892,39.8044,90.409508,0.9833615332394618,0.9199866201298699,0.954753679407941,33.238925375846755,35.74810580893019,0.983359419656387
peppers,512,512,37,baseline,3521,223.35472877023574,0.107452392578125,3.521,34.242,89.3059,89.3059,0.958796,38.215,83.48809,0.9752154047976642,0.8964057126519505,0.9411906471554945,31.69394333828233,34.128129133315866,0.9752132597006385
peppers,512,512,37,csf,3522,223.29131175468484,0.10748291015625,3.522,34.1988,89.3059,89.3059,0.958722,38.1736,83.258351,0.9750803339106555,0.895634960116464,0.9406717691041295,31.660468366663785,34.078615292055844,0.9750780219656039
sharp_edges_512x512,512,512,22,baseline,3583,219.489813005861,0.109344482421875,3.583,62.3025,62.0056,63.0314,0.999274,61.6608,97.315761,0.9999758211647986,0.9999253879617375,0.9999478477132653,52.841513207015005,49.62255252903745,0.9999336278226588
sharp_edges_512x512,512,512,22,csf,3661,214.81343895110626,0.111724853515625,3.661,62.2203,62.3296,62.4682,0.999281,61.6556,97.452818,0.9999736179092231,0.9999068459459047,0.9999274421286344,52.80809240582573,49.636198032005936,0.999930886114114
sharp_edges_512x512,512,512,27,baseline,3034,259.206328279499,0.09259033203125,3.034,56.8514,55.9052,57.1204,0.997783,58.3228,97.142385,0.9999081645953876,0.9995461770145168,0.9997125330192838,51.192735016081826,48.256611610887894,0.9996346369093884
sharp_edges_512x512,512,512,27,csf,3156,249.18631178707224,0.0963134765625,3.156,56.4662,56.0705,57.0778,0.997727,58.1089,97.064536,0.99988887398812,0.9995187605729067,0.999681623487815,50.98863683417554,47.96756562006331,0.9996385636569155
sharp_edges_512x512,512,512,32,baseline,2485,316.471629778672,0.075836181640625,2.485,51.7929,52.9496,53.372,0.996402,54.8036,96.630133,0.9996843498861295,0.9977319463069838,0.9987643988747301,48.45692152785905,46.238955235236304,0.9991588902695318
sharp_edges_512x512,512,512,32,csf,2568,306.2429906542056,0.078369140625,2.568,51.6932,52.653,53.3794,0.996458,54.7565,96.732939,0.9996993794174924,0.9977332621037165,0.998735045181532,48.376502987035195,46.025504176197735,0.9991885666378203
sharp_edges_512x512,512,512,37,baseline,2042,385.128305582762,0.06231689453125,2.042,46.4501,48.6855,48.6625,0.99353,50.1276,94.553308,0.9987625402221783,0.9929636194420673,0.9956597903266244,44.02344985511749,42.614439236294174,0.9976086084366195
sharp_edges_512x512,512,512,37,csf,2094,375.5644699140401,0.06390380859375,2.094,46.0832,48.9544,48.3738,0.993597,49.7952,94.080289,0.9986606671704205,0.9924706690929198,0.9953095195742208,43.63052611832411,42.450355795466585,0.9975136640275505
smooth_gradient_512x512,512,512,22,baseline,417,1885.928057553957,0.012725830078125,0.417,57.1666,999.99,999.99,0.99853,57.1811,92.253653,0.9994670497683252,0.9969870850066473,0.9994097114042739,50.469330004917204,49.23899035325445,0.9994647950477779
smooth_gradient_512x512,512,512,22,csf,485,1621.5092783505154,0.014801025390625,0.485,57.1666,999.99,999.99,0.99853,57.1811,92.253653,0.9994670497683252,0.9969870850066473,0.9994097114042739,50.469330004917204,49.23899035325445,0.9994647950477779
smooth_gradient_512x512,512,512,27,baseline,285,2759.4105263157894,0.008697509765625,0.285,55.6847,999.99,999.99,0.998462,56.4439,92.392108,0.9991176328854695,0.9969356459987361,0.9994050809747002,49.9591926141926,49.12065510727964,0.9991154598616533
smooth_gradient_512x512,512,512,27,csf,353,2227.8526912181305,0.010772705078125,0.353,55.6847,999.99,999.99,0.998462,56.4439,92.392108,0.9991176328854695,0.9969356459987361,0.9994050809747002,49.9591926141926,49.12065510727964,0.9991154598616533
smooth_gradient_512x512,512,512,32,baseline,213,3692.169014084507,0.006500244140625,0.213,54.1365,999.99,999.99,0.99841,55.5473,90.742744,0.9986621693169419,0.9968072535691168,0.9993917538171619,48.850913576796046,48.580660436009246,0.9986599239599379
smooth_gradient_512x512,512,512,32,csf,280,2808.6857142857143,0.008544921875,0.28,54.1365,999.99,999.99,0.99841,55.5473,90.742744,0.9986621693169419,0.9968072535691168,0.9993917538171619,48.850913576796046,48.580660436009246,0.9986599239599379
smooth_gradient_512x512,512,512,37,baseline,185,4250.983783783784,0.005645751953125,0.185,52.7812,60.172,60.172,0.99621,54.6732,89.436726,0.9983254505917997,0.9967515304127359,0.9993832818762973,47.594493939584424,47.88146016820545,0.9983228619744415
smooth_gradient_512x512,512,512,37,csf,252,3120.7619047619046,0.0076904296875,0.252,52.7812,60.172,60.172,0.99621,54.6732,89.436726,0.9983254505917997,0.9967515304127359,0.9993832818762973,47.594493939584424,47.88146016820545,0.9983228619744415
