distortion,level,seed,operation,n_images,median_ms,q25_ms,q75_ms,min_ms,max_ms
awgn,15,20260811,edge_fraction,24,10.6831,10.525875000000001,10.8978,10.3825,12.0726
awgn,15,20260811,full_pipeline,24,28.835500000000003,28.12205,29.208775,27.8548,32.1108
awgn,15,20260811,glcm_build,24,9.2476,9.04255,9.527725,8.9052,9.9763
awgn,15,20260811,glcm_contrast,24,9.313749999999999,9.122775,9.52805,8.9109,11.1876
awgn,15,20260811,glcm_entropy,24,9.3081,9.1411,9.67975,8.8347,11.2093
awgn,15,20260811,glcm_homogeneity,24,9.3841,9.198575,9.588825,8.8535,11.4445
awgn,15,20260811,glcm_shared,24,9.466149999999999,9.207725,9.633875,8.9764,11.0252
awgn,15,20260811,luma_conversion,24,0.628,0.6201749999999999,0.6453249999999999,0.6142,0.6936
awgn,15,20260811,luma_sd,24,1.67235,1.6396000000000002,1.734,1.5709,2.0176
awgn,15,20260811,sobel_si,24,5.90315,5.8252500000000005,5.989050000000001,5.7438,7.432
awgn,30,20260811,edge_fraction,24,10.55965,10.458275,10.914425000000001,10.2441,11.9165
awgn,30,20260811,full_pipeline,24,28.20715,27.75145,28.978375,27.523,33.2627
awgn,30,20260811,glcm_build,24,8.9739,8.756475,9.32365,8.6046,10.0045
awgn,30,20260811,glcm_contrast,24,9.0424,8.820625,9.417425,8.7518,9.8299
awgn,30,20260811,glcm_entropy,24,8.979700000000001,8.852699999999999,9.355175,8.6419,10.4887
awgn,30,20260811,glcm_homogeneity,24,8.9376,8.848725000000002,9.32415,8.6062,9.9489
awgn,30,20260811,glcm_shared,24,9.0976,8.852799999999998,9.39745,8.6708,10.2458
awgn,30,20260811,luma_conversion,24,0.62565,0.6218,0.62825,0.6039,0.6917
awgn,30,20260811,luma_sd,24,1.6595499999999999,1.599575,1.7541250000000002,1.5289,2.0324
awgn,30,20260811,sobel_si,24,5.7963000000000005,5.774675,6.00135,5.6242,7.0433
awgn,5,20260811,edge_fraction,24,10.5793,10.49295,10.797425,10.3108,11.5679
awgn,5,20260811,full_pipeline,24,28.95345,28.52185,29.582575,27.867,30.0361
awgn,5,20260811,glcm_build,24,9.67635,9.431775,10.082025,9.1394,10.3843
awgn,5,20260811,glcm_contrast,24,9.6919,9.4681,9.972925,9.1464,10.5493
awgn,5,20260811,glcm_entropy,24,9.69645,9.447199999999999,9.9636,9.1516,10.651
awgn,5,20260811,glcm_homogeneity,24,9.714649999999999,9.504925,10.084824999999999,9.1235,10.6347
awgn,5,20260811,glcm_shared,24,9.8336,9.5527,10.24035,9.22,10.588
awgn,5,20260811,luma_conversion,24,0.62565,0.61985,0.6299250000000001,0.612,0.657
awgn,5,20260811,luma_sd,24,1.69425,1.64775,1.7407750000000002,1.5815,1.9154
awgn,5,20260811,sobel_si,24,5.83325,5.7725,5.998375,5.6215,6.174
clean,0,,edge_fraction,24,10.489,10.4049,10.922075,10.2899,11.4067
clean,0,,full_pipeline,24,28.77595,28.444899999999997,29.813525,27.7798,31.3248
clean,0,,glcm_build,24,9.76975,9.4526,10.056125,9.0328,10.8844
clean,0,,glcm_contrast,24,9.79495,9.52175,10.1676,9.1501,10.8376
clean,0,,glcm_entropy,24,9.801649999999999,9.586224999999999,10.14095,9.2162,10.8651
clean,0,,glcm_homogeneity,24,9.8535,9.518,10.229925,9.2039,10.7504
clean,0,,glcm_shared,24,9.9071,9.5261,10.265275,9.2719,10.8826
clean,0,,luma_conversion,24,0.62505,0.620975,0.635925,0.6106,0.6694
clean,0,,luma_sd,24,1.67845,1.64105,1.7206,1.5721,1.8152
clean,0,,sobel_si,24,5.86435,5.764525,5.99475,5.644,6.2415
stripes,16,,edge_fraction,24,10.5972,10.475225,10.86,10.3158,11.5576
stripes,16,,full_pipeline,24,28.8913,28.477249999999998,29.4345,27.894,31.4052
stripes,16,,glcm_build,24,9.6854,9.480575,10.037475,9.1812,11.1686
stripes,16,,glcm_contrast,24,9.7385,9.602274999999999,10.08825,9.1322,10.612
stripes,16,,glcm_entropy,24,9.7973,9.65245,10.100975,9.2511,11.1268
stripes,16,,glcm_homogeneity,24,9.732800000000001,9.467424999999999,10.008099999999999,9.0759,11.0767
stripes,16,,glcm_shared,24,9.83605,9.624025,10.103124999999999,9.1339,10.9095
stripes,16,,luma_conversion,24,0.6299,0.619675,0.6349,0.6037,0.7034
stripes,16,,luma_sd,24,1.6748,1.620825,1.7274,1.583,1.9237
stripes,16,,sobel_si,24,5.8284,5.770775,5.8594,5.7019,6.2873
stripes,32,,edge_fraction,24,10.5981,10.512075000000001,10.9955,10.3476,11.3148
stripes,32,,full_pipeline,24,29.049349999999997,28.52555,29.64635,28.1313,34.5072
stripes,32,,glcm_build,24,9.78795,9.4627,9.964974999999999,9.3002,10.7625
stripes,32,,glcm_contrast,24,9.7664,9.614125,10.06255,9.0997,10.8256
stripes,32,,glcm_entropy,24,9.82905,9.581399999999999,10.0938,9.2222,10.885
stripes,32,,glcm_homogeneity,24,9.86425,9.54565,10.201675,9.0785,10.663
stripes,32,,glcm_shared,24,9.859,9.6199,10.12965,9.2034,10.7249
stripes,32,,luma_conversion,24,0.62785,0.6230249999999999,0.633175,0.604,0.6811
stripes,32,,luma_sd,24,1.6609500000000001,1.6148,1.712075,1.5823,2.0309
stripes,32,,sobel_si,24,5.8427,5.765825,6.0526,5.7045,6.6121
stripes,8,,edge_fraction,24,10.5855,10.44455,10.894275,10.2866,11.3315
stripes,8,,full_pipeline,24,29.16045,28.474025,29.9709,27.9687,31.4657
stripes,8,,glcm_build,24,9.80785,9.465725,10.2828,8.9944,10.7611
stripes,8,,glcm_contrast,24,9.8718,9.5849,10.330325,9.1397,11.1755
stripes,8,,glcm_entropy,24,9.8716,9.529824999999999,10.318575,9.1827,10.9445
stripes,8,,glcm_homogeneity,24,9.838000000000001,9.494625,10.265725,9.0628,11.0016
stripes,8,,glcm_shared,24,9.9511,9.586525,10.240625000000001,9.1704,11.0405
stripes,8,,luma_conversion,24,0.6328499999999999,0.62265,0.644375,0.6074,0.6649
stripes,8,,luma_sd,24,1.65355,1.60615,1.7689,1.5577,1.893
stripes,8,,sobel_si,24,5.84305,5.776425,5.977124999999999,5.6434,6.3458
