distortion,level,seed,feature,n_images,clean_median,disturbed_median,median_paired_change,median_absolute_paired_change,clean_iqr,disturbed_iqr,clean_disturbed_rank_rho
awgn,5,20260811,sobel_si,24,83.56600033655087,81.15630080494128,-2.1581469133537077,2.1581469133537077,28.903198983501156,27.818430168416967,0.9991304347826085
awgn,5,20260811,luma_sd,24,44.441921342504735,44.63688445475191,0.23951333918698836,0.24299191117995278,10.215770993899035,10.14619637276072,0.9999999999999999
awgn,5,20260811,edge_fraction,24,0.2932178876772641,0.32083141350534994,0.02793605692929913,0.02793605692929913,0.2118555777402345,0.21988813802283314,0.9939130434782607
awgn,5,20260811,glcm_contrast,24,0.3027456708105352,0.40209400798018347,0.08202133123103439,0.08202133123103439,0.2522012967730025,0.24372193137880616,0.9660869565217389
awgn,5,20260811,glcm_entropy,24,2.344122140760962,2.4770528588701897,0.15065395345909294,0.15065395345909294,0.3933056182368171,0.32173885196827134,0.9739130434782608
awgn,5,20260811,glcm_homogeneity,24,0.8873085853576088,0.8402342255321154,-0.037784841218001075,0.037784841218001075,0.06622044725747345,0.053178474402235776,0.9617391304347825
awgn,15,20260811,sobel_si,24,83.56600033655087,79.80081057050783,-3.302287053910142,3.302287053910142,28.903198983501156,23.311762355628375,0.9982608695652172
awgn,15,20260811,luma_sd,24,44.441921342504735,46.567636114942694,2.195735190144376,2.195735190144376,10.215770993899035,9.336784132169377,0.9999999999999999
awgn,15,20260811,edge_fraction,24,0.2932178876772641,0.6536169559207494,0.3511160600010239,0.3511160600010239,0.2118555777402345,0.08044911175958647,0.9695652173913042
awgn,15,20260811,glcm_contrast,24,0.3027456708105352,0.7933556970199718,0.4692768159892672,0.4692768159892672,0.2522012967730025,0.2416162443129013,0.9147826086956521
awgn,15,20260811,glcm_entropy,24,2.344122140760962,2.8944608072904936,0.5512401322668559,0.5512401322668559,0.3933056182368171,0.23531903888379624,0.8530434782608695
awgn,15,20260811,glcm_homogeneity,24,0.8873085853576088,0.7130975805858599,-0.16331079367355433,0.16331079367355433,0.06622044725747345,0.02601170751663029,0.9356521739130433
awgn,30,20260811,sobel_si,24,83.56600033655087,91.07127272122929,7.880648268141712,8.604055816282028,28.903198983501156,16.510868228696765,0.9982608695652172
awgn,30,20260811,luma_sd,24,44.441921342504735,52.38434165176215,7.8257751455902245,7.8257751455902245,10.215770993899035,7.311184776405355,0.9860869565217389
awgn,30,20260811,edge_fraction,24,0.2932178876772641,0.8746160344033174,0.5699815696513593,0.5699815696513593,0.2118555777402345,0.016353094762709297,0.8478260869565216
awgn,30,20260811,glcm_contrast,24,0.3027456708105352,1.9970685764558862,1.648108957233162,1.648108957233162,0.2522012967730025,0.2411560293170456,0.8643478260869566
awgn,30,20260811,glcm_entropy,24,2.344122140760962,3.4490461393300684,1.0484955260429167,1.0484955260429167,0.3933056182368171,0.12226769514610636,0.6834782608695652
awgn,30,20260811,glcm_homogeneity,24,0.8873085853576088,0.5557562196942865,-0.3136002549477366,0.3136002549477366,0.06622044725747345,0.013579474107094924,0.548695652173913
stripes,8,,sobel_si,24,83.56600033655087,81.8601494340183,-1.5507166841879823,1.5507166841879823,28.903198983501156,28.291871453949796,0.9999999999999999
stripes,8,,luma_sd,24,44.441921342504735,44.72398917422634,0.3145120379114914,0.3176430319234811,10.215770993899035,10.129132205188874,0.9999999999999999
stripes,8,,edge_fraction,24,0.2932178876772641,0.304126350279015,0.01193877028618237,0.01193877028618237,0.2118555777402345,0.21597232887933246,0.9965217391304346
stripes,8,,glcm_contrast,24,0.3027456708105352,0.3107462798383148,0.006082961950703625,0.006082961950703625,0.2522012967730025,0.24620447280061525,0.994782608695652
stripes,8,,glcm_entropy,24,2.344122140760962,2.369268954994138,0.030863212190925804,0.030863212190925804,0.3933056182368171,0.38148173784324557,0.9921739130434782
stripes,8,,glcm_homogeneity,24,0.8873085853576088,0.8805785110652109,-0.0037293667403685005,0.0037293667403685005,0.06622044725747345,0.06383625184078612,0.9982608695652172
stripes,16,,sobel_si,24,83.56600033655087,79.76851653293892,-3.5743587726103314,3.5743587726103314,28.903198983501156,27.095333059259673,0.9991304347826085
stripes,16,,luma_sd,24,44.441921342504735,45.68079106190099,1.2853331525006446,1.306946184563678,10.215770993899035,9.785359548343308,0.9999999999999999
stripes,16,,edge_fraction,24,0.2932178876772641,0.35471893718322833,0.06538038191778014,0.06538038191778014,0.2118555777402345,0.21587633748016183,0.983478260869565
stripes,16,,glcm_contrast,24,0.3027456708105352,0.3309239154766104,0.023468489041486518,0.023468489041486518,0.2522012967730025,0.24431688455600398,0.9773913043478261
stripes,16,,glcm_entropy,24,2.344122140760962,2.4513447611484,0.10605918296828265,0.10605918296828265,0.3933056182368171,0.36707179523300004,0.96
stripes,16,,glcm_homogeneity,24,0.8873085853576088,0.8684254587617883,-0.012746607400443255,0.012746607400443255,0.06622044725747345,0.05615838636599357,0.9643478260869565
stripes,32,,sobel_si,24,83.56600033655087,78.73553331265964,-4.3936643748150885,4.3936643748150885,28.903198983501156,24.65649232630423,0.9930434782608695
stripes,32,,luma_sd,24,44.441921342504735,49.4722709276424,4.967174206411087,4.967174206411087,10.215770993899035,8.337597089306115,0.9939130434782607
stripes,32,,edge_fraction,24,0.2932178876772641,0.6707034249731224,0.3760943019505452,0.3760943019505452,0.2118555777402345,0.06141465724671069,0.8704347826086956
stripes,32,,glcm_contrast,24,0.3027456708105352,0.39415994876355553,0.07970196113742184,0.07970196113742184,0.2522012967730025,0.24109078563978925,0.9782608695652173
stripes,32,,glcm_entropy,24,2.344122140760962,2.615315660853923,0.3142462575341951,0.3142462575341951,0.3933056182368171,0.2925572203048201,0.9217391304347825
stripes,32,,glcm_homogeneity,24,0.8873085853576088,0.8414976237124809,-0.04084093156420643,0.04084093156420643,0.06622044725747345,0.053691116091978075,0.9869565217391304
