distortion,level,qp,n_images,psnr_y_db_min,psnr_y_db_q25,psnr_y_db_median,psnr_y_db_q75,psnr_y_db_max,psnr_u_db_min,psnr_u_db_q25,psnr_u_db_median,psnr_u_db_q75,psnr_u_db_max,psnr_v_db_min,psnr_v_db_q25,psnr_v_db_median,psnr_v_db_q75,psnr_v_db_max,file_bpp_min,file_bpp_q25,file_bpp_median,file_bpp_q75,file_bpp_max,encode_seconds_min,encode_seconds_q25,encode_seconds_median,encode_seconds_q75,encode_seconds_max
awgn,15,22,24,41.3546,41.37465,41.387299999999996,41.46045,41.7526,44.4994,46.7274,47.78305,48.842025,50.2833,44.5491,45.902074999999996,46.788,47.67935,48.8526,2.98638916015625,3.3052825927734375,3.430877685546875,3.624537150065104,4.024088541666667,160.6361743999987,217.1580109250017,274.18725655000344,311.9897530999988,357.34446580000076
awgn,15,27,24,36.4057,36.422825,36.4409,36.5138,36.8008,42.0499,44.459775,46.081199999999995,47.097300000000004,48.8053,41.6657,43.452975,44.54645,45.905249999999995,47.493,1.89056396484375,2.3534037272135415,2.441609700520833,2.659571329752604,2.9469401041666665,274.6562515000005,291.88727669999935,304.55499744999906,319.58006872499936,343.9448354999986
awgn,15,32,24,31.3736,31.404449999999997,31.42505,31.473075,31.8814,40.9991,42.51655,44.49935,45.5076,47.4181,39.8308,41.04215,42.732699999999994,44.069775,46.0026,1.0845133463541667,1.4636993408203125,1.5303751627604165,1.7098642985026042,1.9943033854166667,118.19192150000163,162.56624257500062,203.54865815000267,241.0888963250036,264.27916540000297
awgn,15,37,24,25.257,25.462075000000002,25.5666,25.7594,26.7932,39.412,40.505624999999995,42.64615,43.837275,45.7657,37.8341,38.812125,40.87135,42.438424999999995,44.5818,0.27593994140625,0.3711700439453125,0.45305379231770837,0.6694997151692709,1.0276082356770833,77.85278040000048,124.85306074999971,144.69533190000038,172.2758414999953,206.1953183000005
awgn,30,22,24,41.266,41.294325,41.319950000000006,41.424975,41.851,42.8454,45.453725,46.21365,47.3105,49.0052,43.24,44.953175,45.749449999999996,46.679725,48.4417,4.043843587239583,4.3677724202473955,4.481058756510416,4.6409454345703125,4.851033528645833,158.17660030000116,236.8829963249982,280.8461141999978,329.4366686249996,394.2920715
awgn,30,27,24,36.3623,36.386874999999996,36.425250000000005,36.5212,36.9801,39.6576,42.7888,43.1986,45.130475000000004,46.9829,39.216,42.124275,43.513400000000004,44.234875,47.0919,2.85589599609375,3.325312296549479,3.3991800944010415,3.48663330078125,3.61798095703125,300.2442018999973,323.3662479750001,341.05105880000156,353.9432819749991,419.85869589999857
awgn,30,32,24,31.4112,31.4371,31.449550000000002,31.5614,31.9384,38.655,40.6146,41.39935,43.881975,45.3809,36.7343,39.8806,41.2332,42.639450000000004,45.7782,1.8931681315104167,2.3903656005859375,2.4251607259114585,2.51605224609375,2.63262939453125,126.91267589999916,182.8893667000002,221.68271639999875,264.35439359999964,290.9305849000011
awgn,30,37,24,26.317,26.3544,26.38445,26.462025,26.9523,37.652,38.71315,39.98235,42.51049999999999,43.9387,35.275,37.9919,39.742149999999995,40.9589,44.3315,1.0927734375,1.484893798828125,1.5217386881510417,1.5870208740234375,1.7269083658854167,111.80542659999992,156.54712847499832,194.65252845000032,223.96938527499879,238.0673811000015
awgn,5,22,24,41.3535,41.406825,41.427099999999996,41.454875,41.9032,45.9232,47.282574999999994,49.425399999999996,49.815174999999996,50.9688,45.6911,46.319575,47.31555,48.1113,49.1251,1.5902303059895833,2.000696818033854,2.2014567057291665,2.660069783528646,3.38519287109375,136.80070859999978,195.49116435000087,245.5120856499998,279.8478696500024,328.06802759999846
awgn,5,27,24,35.9075,35.9867,36.08875,36.13615,36.7714,43.6533,45.3054,47.61125,48.4413,49.5233,43.4657,44.084075,45.5917,46.67455,47.8662,0.7286376953125,0.9768473307291666,1.1858317057291665,1.5737152099609375,2.3099365234375,176.86351970000032,241.44597837500078,262.6460023999989,287.28818610000053,331.2843553999992
awgn,5,32,24,31.4428,32.0781,32.30515,32.74485,33.8617,41.5766,43.5718,45.7057,46.901325,48.1667,40.8968,41.855975,43.72585,44.84405,46.4885,0.22977701822916666,0.3216094970703125,0.4319559733072917,0.7513275146484375,1.3659261067708333,58.75706540000101,104.13868984999863,129.6904410499992,144.64054080000005,230.47419380000065
awgn,5,37,24,27.2999,29.245475,29.96835,31.069525,31.975,39.6252,41.516175,43.8994,45.040325,46.4225,38.4912,39.576575,41.70399999999999,43.005325,44.9039,0.11177571614583333,0.14089457194010416,0.195648193359375,0.35743204752604163,0.6761678059895834,30.03540019999855,57.23031849999825,71.9138632000031,91.90538347500296,168.09815789999993
clean,0,22,24,41.2086,41.916275,42.2502,42.677825,44.1681,46.2633,47.472975,49.66545,50.0377,51.0882,45.8664,46.4698,47.501099999999994,48.313475,49.2122,0.66461181640625,0.916961669921875,1.2846577962239583,1.9189809163411458,3.11834716796875,149.28786080000282,190.34041542500017,220.6916653499993,256.68578100000195,300.25343449999855
clean,0,27,24,36.6673,38.02905,38.5711,39.439625,41.154,43.813,45.629400000000004,47.8468,48.60875,49.6923,43.451,44.196825,45.7378,46.748325,47.9291,0.3774617513020833,0.5646820068359375,0.7364298502604167,1.2203470865885417,2.1129353841145835,104.36258519999683,130.08328507500119,154.50629929999923,195.7500023499997,256.3454305999985
clean,0,32,24,31.9343,34.043975,34.9805,36.375025,38.3225,41.6799,43.56805,45.926,46.9275,48.2086,40.9545,42.03215,43.948049999999995,45.1453,46.5797,0.21559651692708334,0.2785441080729167,0.38321940104166663,0.6841227213541667,1.2734375,70.42575379999835,89.92612437499793,112.18615475000115,157.4462795749996,213.92000149999876
clean,0,37,24,27.732,30.381375,31.67125,33.427175000000005,35.5925,39.649,41.585225,44.12895,45.073049999999995,46.3868,38.5524,39.7039,41.6512,43.074125,44.8331,0.10831705729166667,0.1363677978515625,0.188812255859375,0.3439483642578125,0.649658203125,42.195073499999125,52.25972009999896,70.1508811499989,108.42322442499972,156.1150643999972
stripes,16,22,24,41.2306,41.864175,42.188,42.612899999999996,44.0925,46.1114,47.432775,49.442099999999996,49.819475,50.9481,45.803,46.398725,47.3434,48.300625,49.1361,0.7383219401041666,0.9507090250651042,1.3609822591145833,2.0065205891927085,3.15081787109375,84.19153269999879,149.69437452500097,191.9015113500027,221.05030292499941,311.4018638999987
stripes,16,27,24,36.6167,37.946725,38.468500000000006,39.321725,40.773,43.609,45.49,47.4184,48.27205,49.5034,43.4206,44.123225,45.4794,46.582175,47.7507,0.4259236653645833,0.5911916097005208,0.7847188313802083,1.2746683756510417,2.1365763346354165,129.30592650000108,156.11228632499842,184.80979620000107,228.4733342999989,291.4029066000003
stripes,16,32,24,31.9315,33.990899999999996,34.921949999999995,36.23035,38.1447,41.4188,43.454,45.5595,46.368174999999994,47.9942,40.8136,41.699725,43.508700000000005,44.88745,46.2926,0.24790445963541666,0.3160044352213542,0.408966064453125,0.7183074951171875,1.29522705078125,43.53762300000017,78.98255450000033,105.62808275000134,126.49484127499636,205.54513439999573
stripes,16,37,24,27.6983,30.253475,31.555799999999998,33.266850000000005,35.285,39.5322,41.397075,43.52095,44.28475,46.1116,38.4411,39.225475,41.338049999999996,42.76525,44.6359,0.12249755859375,0.16237386067708331,0.204437255859375,0.3646494547526042,0.6622517903645834,27.00417010000092,47.41228182500436,64.78270514999895,85.47120387500036,160.5888927000051
stripes,32,22,24,41.243,41.855275,42.1618,42.576,44.1875,45.5228,47.421875,48.5774,49.450075,50.3282,45.5824,46.2363,47.1562,48.150150000000004,49.0587,0.7720133463541666,1.0054423014322917,1.4115498860677085,2.0631815592447915,3.18206787109375,96.97794889999932,154.94725954999922,186.15843380000115,229.06778842499807,318.0365987999976
stripes,32,27,24,36.6182,37.932275000000004,38.4497,39.265675,40.7193,43.0013,45.1753,46.530699999999996,47.63405,48.7395,43.2038,43.8025,45.13635,46.34385,47.701,0.4525349934895833,0.627685546875,0.816497802734375,1.3125661214192708,2.1610107421875,130.0352673999987,160.36233327500122,184.80945670000074,229.95119107500068,300.20456730000296
stripes,32,32,24,31.8987,33.935674999999996,34.8802,36.158924999999996,38.031,41.0233,43.07625,44.58695,45.6041,47.2183,40.5935,41.3512,43.04435,44.4754,46.213,0.2623494466145833,0.3285675048828125,0.42981974283854163,0.7411753336588541,1.3092041015625,43.661191099999996,82.29503985000065,102.79449460000251,120.60993560000043,209.2626023000048
stripes,32,37,24,27.7081,30.10685,31.5172,33.19365,35.1662,39.2646,41.0213,42.689499999999995,43.623875,45.5873,38.2999,38.953475,40.887950000000004,42.502025,44.6071,0.12908935546875,0.1726531982421875,0.21635945638020831,0.37715657552083337,0.67315673828125,28.221539099999063,49.71197802499955,65.64567524999984,81.81814487499923,159.85843939999904
stripes,8,22,24,41.2351,41.867399999999996,42.175200000000004,42.6048,44.118,46.2585,47.440875,49.607749999999996,49.991249999999994,51.0737,45.8518,46.415150000000004,47.4349,48.3602,49.2145,0.7101643880208334,0.9410959879557291,1.32952880859375,1.9749501546223958,3.1323649088541665,97.873412500001,151.94170459999714,192.8704746500007,224.2889427249993,310.3997610000006
stripes,8,27,24,36.6396,37.958,38.48585,39.31495,41.0002,43.7454,45.574975,47.728300000000004,48.456025,49.5197,43.4363,44.174425,45.64315,46.697175,47.8793,0.4086710611979167,0.5762074788411459,0.7628885904947917,1.2566172281901042,2.1255086263020835,128.60784870000134,155.11781809999957,183.78494880000108,232.3910491250017,296.73506110000017
stripes,8,32,24,31.9208,34.010225,34.9433,36.260725,38.0876,41.5315,43.572525,45.7507,46.780625,48.0591,40.9128,41.93445,43.745400000000004,45.003125000000004,46.4848,0.23288981119791666,0.3047078450520833,0.397979736328125,0.69976806640625,1.2838338216145833,42.79374870000174,79.8970194500007,104.62283374999788,122.30484097500266,209.37897249999514
stripes,8,37,24,27.7237,30.325474999999997,31.62675,33.268750000000004,35.3757,39.5616,41.524375,43.7342,44.787425,46.0045,38.57,39.4437,41.52175,43.01525,44.7836,0.11692301432291667,0.15314737955729166,0.197540283203125,0.3533274332682292,0.6548665364583334,27.174703299999237,46.95360509999591,65.25509310000052,84.69306124999821,159.28880789999675
