distortion,level,seed,qp,feature,primary,n_images,family,reference_index,cell_index,raw_rho_difference,oriented_difference,pointwise_low,pointwise_high,pointwise_invalid_resamples,pointwise_evaluable,pointwise_degenerate,simultaneous_low,simultaneous_high
awgn,5,20260811,22,sobel_si,True,24,RQ2,216,0,0.07913043478260873,0.07913043478260873,-0.029942756494936162,0.23751095530236635,0,True,False,-0.6205953061701798,0.7788561757353972
awgn,5,20260811,22,luma_sd,True,24,RQ2,217,1,-0.02173913043478258,-0.02173913043478258,-0.18843349059908818,0.14792122538293218,0,True,False,-0.7214648713875711,0.6779866105180059
awgn,5,20260811,22,edge_fraction,True,24,RQ2,218,2,0.0391304347826088,0.0391304347826088,-0.08497590889180895,0.21813403416557164,0,True,False,-0.6605953061701797,0.7388561757353973
awgn,5,20260811,22,glcm_contrast,True,24,RQ2,219,3,0.09826086956521729,0.09826086956521729,-0.04374548914427282,0.2899699929254743,0,True,False,-0.6014648713875712,0.7979866105180058
awgn,5,20260811,22,glcm_entropy,True,24,RQ2,220,4,-0.03565217391304354,-0.03565217391304354,-0.1843599825251202,0.12182296231375983,0,True,False,-0.735377914865832,0.664073567039745
awgn,5,20260811,22,glcm_homogeneity,True,24,RQ2,221,5,-0.01826086956521733,0.01826086956521733,-0.11924594476106971,0.18867924528301883,0,True,False,-0.6814648713875712,0.7179866105180058
awgn,5,20260811,27,sobel_si,True,24,RQ2,222,6,-0.008997971926898551,-0.008997971926898551,-0.08920387209714857,0.08154318281455508,0,True,False,-0.708723712879687,0.69072776902589
awgn,5,20260811,27,luma_sd,True,24,RQ2,223,7,-0.06433005091431307,-0.06433005091431307,-0.19693654266958424,0.03498032356799302,0,True,False,-0.7640557918671016,0.6353956900384754
awgn,5,20260811,27,edge_fraction,True,24,RQ2,224,8,0.018878225888671052,0.018878225888671052,-0.06369558240047506,0.12346760070052532,0,True,False,-0.6808475150641174,0.7186039668414596
awgn,5,20260811,27,glcm_contrast,True,24,RQ2,225,9,0.055377651504510905,0.055377651504510905,-0.07641691988683605,0.23410881318485052,0,True,False,-0.6443480894482776,0.7551033924572994
awgn,5,20260811,27,glcm_entropy,True,24,RQ2,226,10,-0.037680198172538426,-0.037680198172538426,-0.16097987751531062,0.0788436268068331,0,True,False,-0.7374059391253269,0.6620455427802501
awgn,5,20260811,27,glcm_homogeneity,True,24,RQ2,227,11,-0.0005984465653222637,0.0005984465653222637,-0.13298117399789447,0.13378362703728985,0,True,False,-0.6991272943874662,0.7003241875181108
awgn,5,20260811,32,sobel_si,True,24,RQ2,228,12,0.00782608695652176,0.00782608695652176,-0.04547442063839091,0.07524059492563429,0,True,False,-0.6918996539962667,0.7075518279093103
awgn,5,20260811,32,luma_sd,True,24,RQ2,229,13,0.0008695652173912882,0.0008695652173912882,-0.07342657342657341,0.07954719362404115,0,True,False,-0.6988561757353973,0.7005953061701797
awgn,5,20260811,32,edge_fraction,True,24,RQ2,230,14,0.008695652173912993,0.008695652173912993,-0.04364906154517678,0.07352297592997803,0,True,False,-0.6910300887788755,0.7084213931267015
awgn,5,20260811,32,glcm_contrast,True,24,RQ2,231,15,0.019999999999999907,0.019999999999999907,-0.07011547205682273,0.12248468941382329,0,True,False,-0.6797257409527886,0.7197257409527884
awgn,5,20260811,32,glcm_entropy,True,24,RQ2,232,16,-0.04173913043478261,-0.04173913043478261,-0.14055235624384857,0.0525394045534151,0,True,False,-0.7414648713875711,0.6579866105180059
awgn,5,20260811,32,glcm_homogeneity,True,24,RQ2,233,17,0.004347826086956386,-0.004347826086956386,-0.11446046308431623,0.11106252732837762,0,True,False,-0.7040735670397449,0.6953779148658321
awgn,5,20260811,37,sobel_si,True,24,RQ2,234,18,0.01043478260869568,0.01043478260869568,-0.004366812227074357,0.04722343681679053,0,True,False,-0.6892909583440928,0.7101605235614842
awgn,5,20260811,37,luma_sd,True,24,RQ2,235,19,0.0,0.0,-0.03580786026200872,0.03328953131844059,0,True,False,-0.6997257409527885,0.6997257409527885
awgn,5,20260811,37,edge_fraction,True,24,RQ2,236,20,-0.008695652173912993,-0.008695652173912993,-0.06842105263157894,0.040209790209790104,0,True,False,-0.7084213931267015,0.6910300887788755
awgn,5,20260811,37,glcm_contrast,True,24,RQ2,237,21,0.012173913043478257,0.012173913043478257,-0.06933017461796652,0.09719789842381776,0,True,False,-0.6875518279093102,0.7118996539962668
awgn,5,20260811,37,glcm_entropy,True,24,RQ2,238,22,-0.034782608695652195,-0.034782608695652195,-0.13712089907875322,0.05591961555264313,0,True,False,-0.7345083496484407,0.6649431322571363
awgn,5,20260811,37,glcm_homogeneity,True,24,RQ2,239,23,0.003478260869565153,-0.003478260869565153,-0.1112571178274201,0.08249413182390984,0,True,False,-0.7032040018223537,0.6962474800832233
awgn,15,20260811,22,sobel_si,True,24,RQ2,216,72,0.2923579049900962,0.2923579049900962,0.0651408450704225,0.6429050116406207,0,True,False,-0.4073678359626923,0.9920836459428847
awgn,15,20260811,22,luma_sd,True,24,RQ2,217,73,0.35618859647169515,0.35618859647169515,-0.021853624621989295,0.7902157842157845,0,True,False,-0.34353714448109335,1.0559143374244837
awgn,15,20260811,22,edge_fraction,True,24,RQ2,218,74,-0.025486618980603337,-0.025486618980603337,-0.3456182389873198,0.27598253275109175,0,True,False,-0.7252123599333918,0.6742391219721852
awgn,15,20260811,22,glcm_contrast,True,24,RQ2,219,75,0.0423211255105308,0.0423211255105308,-0.24420168919161733,0.3774194372061677,0,True,False,-0.6574046154422577,0.7420468664633193
awgn,15,20260811,22,glcm_entropy,True,24,RQ2,220,76,-0.12901272153824106,-0.12901272153824106,-0.5834433429122695,0.30560420315236414,0,True,False,-0.8287384624910296,0.5707130194145474
awgn,15,20260811,22,glcm_homogeneity,True,24,RQ2,221,77,0.034200046327160116,-0.034200046327160116,-0.3973119321600104,0.31648793707385775,0,True,False,-0.7339257872799486,0.6655256946256284
awgn,15,20260811,27,sobel_si,True,24,RQ2,222,78,0.2095652173913044,0.2095652173913044,0.04822340632769809,0.4680485427422058,0,True,False,-0.4901605235614841,0.9092909583440929
awgn,15,20260811,27,luma_sd,True,24,RQ2,223,79,0.2826086956521739,0.2826086956521739,0.007898027759174153,0.6158596634027845,0,True,False,-0.4171170453006146,0.9823344366049624
awgn,15,20260811,27,edge_fraction,True,24,RQ2,224,80,-0.026956521739130546,-0.026956521739130546,-0.24014719638066262,0.15870232354230596,0,True,False,-0.726682262691919,0.672769219213658
awgn,15,20260811,27,glcm_contrast,True,24,RQ2,225,81,0.03913043478260869,0.03913043478260869,-0.14148471615720526,0.24758560140474095,0,True,False,-0.6605953061701798,0.7388561757353972
awgn,15,20260811,27,glcm_entropy,True,24,RQ2,226,82,-0.15565217391304353,-0.15565217391304353,-0.5039608065600601,0.1736819951962316,0,True,False,-0.855377914865832,0.544073567039745
awgn,15,20260811,27,glcm_homogeneity,True,24,RQ2,227,83,0.04000000000000015,-0.04000000000000015,-0.2996507903237075,0.205934982479164,0,True,False,-0.7397257409527886,0.6597257409527884
awgn,15,20260811,32,sobel_si,True,24,RQ2,228,84,0.12260869565217392,0.12260869565217392,0.006145741878841188,0.2919772029811486,0,True,False,-0.5771170453006146,0.8223344366049624
awgn,15,20260811,32,luma_sd,True,24,RQ2,229,85,0.08521739130434786,0.08521739130434786,-0.1050788091068301,0.3228621291448516,0,True,False,-0.6145083496484407,0.7849431322571363
awgn,15,20260811,32,edge_fraction,True,24,RQ2,230,86,-0.01826086956521744,-0.01826086956521744,-0.13853572994300745,0.07870572802798426,0,True,False,-0.7179866105180059,0.6814648713875711
awgn,15,20260811,32,glcm_contrast,True,24,RQ2,231,87,0.029565217391304355,0.029565217391304355,-0.10910930829145553,0.17524200998374767,0,True,False,-0.6701605235614841,0.7292909583440929
awgn,15,20260811,32,glcm_entropy,True,24,RQ2,232,88,-0.1686956521739129,-0.1686956521739129,-0.4613368283093054,0.10083296799649279,0,True,False,-0.8684213931267014,0.5310300887788756
awgn,15,20260811,32,glcm_homogeneity,True,24,RQ2,233,89,0.013913043478260723,-0.013913043478260723,-0.17855579868708982,0.11914148050810347,0,True,False,-0.7136387844310492,0.6858126974745278
awgn,15,20260811,37,sobel_si,True,24,RQ2,234,90,-0.0634782608695652,-0.0634782608695652,-0.23077091841900968,0.04108391608391604,0,True,False,-0.7632040018223537,0.6362474800832233
awgn,15,20260811,37,luma_sd,True,24,RQ2,235,91,-0.1356521739130435,-0.1356521739130435,-0.3528948125467187,0.036745406824146926,0,True,False,-0.835377914865832,0.564073567039745
awgn,15,20260811,37,edge_fraction,True,24,RQ2,236,92,0.0008695652173913437,0.0008695652173913437,-0.10157618213660247,0.09574000878348699,0,True,False,-0.6988561757353972,0.7005953061701798
awgn,15,20260811,37,glcm_contrast,True,24,RQ2,237,93,-0.006086956521739073,-0.006086956521739073,-0.12827225130890052,0.12161128327447399,0,True,False,-0.7058126974745276,0.6936387844310494
awgn,15,20260811,37,glcm_entropy,True,24,RQ2,238,94,-0.2382608695652173,-0.2382608695652173,-0.5305436818853049,-0.0061134036928248954,0,True,False,-0.9379866105180058,0.4614648713875712
awgn,15,20260811,37,glcm_homogeneity,True,24,RQ2,239,95,0.019130434782608674,-0.019130434782608674,-0.17165737801755768,0.13001745200698078,0,True,False,-0.7188561757353972,0.6805953061701798
awgn,30,20260811,22,sobel_si,True,24,RQ2,216,144,0.17494107246879276,0.17494107246879276,-0.14360773661169535,0.5666912374713367,0,True,False,-0.5247846684839957,0.8746668134215813
awgn,30,20260811,22,luma_sd,True,24,RQ2,217,145,0.5866734899394388,0.5866734899394388,0.09991069016255996,1.0775292572919988,0,True,False,-0.1130522510133497,1.2863992308922274
awgn,30,20260811,22,edge_fraction,True,24,RQ2,218,146,-0.5064607551604612,-0.5064607551604612,-0.964163577320439,-0.06662644867886798,0,True,False,-1.2061864961132498,0.19326498579232732
awgn,30,20260811,22,glcm_contrast,True,24,RQ2,219,147,-0.32601982688037295,-0.32601982688037295,-0.7512327038296042,0.11703246500640965,0,True,False,-1.0257455678331615,0.37370591407241555
awgn,30,20260811,22,glcm_entropy,True,24,RQ2,220,148,-0.5082256028663024,-0.5082256028663024,-1.0342123257475129,0.08231353651024527,0,True,False,-1.207951343819091,0.19150013808648614
awgn,30,20260811,22,glcm_homogeneity,True,24,RQ2,221,149,0.8330693846295096,-0.8330693846295096,-1.2286090390522157,-0.3636363636363636,0,True,False,-1.532795125582298,-0.13334364367672114
awgn,30,20260811,27,sobel_si,True,24,RQ2,222,150,0.12956521739130444,0.12956521739130444,-0.09965034965034969,0.4402669968136977,0,True,False,-0.5701605235614841,0.8292909583440929
awgn,30,20260811,27,luma_sd,True,24,RQ2,223,151,0.3878260869565217,0.3878260869565217,-0.03582507011060101,0.8334138522028435,0,True,False,-0.3118996539962668,1.0875518279093102
awgn,30,20260811,27,edge_fraction,True,24,RQ2,224,152,-0.35217391304347845,-0.35217391304347845,-0.745738238751757,-0.024560865117638293,0,True,False,-1.051899653996267,0.34755182790931005
awgn,30,20260811,27,glcm_contrast,True,24,RQ2,225,153,-0.2260869565217392,-0.2260869565217392,-0.5612959719789841,0.10074463425317565,0,True,False,-0.9258126974745278,0.4736387844310493
awgn,30,20260811,27,glcm_entropy,True,24,RQ2,226,154,-0.47826086956521746,-0.47826086956521746,-0.9427197201574115,0.002637420626866491,0,True,False,-1.177986610518006,0.22146487138757104
awgn,30,20260811,27,glcm_homogeneity,True,24,RQ2,227,155,0.6686956521739131,-0.6686956521739131,-1.0292960209881943,-0.30694886964749557,0,True,False,-1.3684213931267015,0.031030088778875364
awgn,30,20260811,32,sobel_si,True,24,RQ2,228,156,0.06695652173913047,0.06695652173913047,-0.12323943661971837,0.30836618484450296,0,True,False,-0.632769219213658,0.766682262691919
awgn,30,20260811,32,luma_sd,True,24,RQ2,229,157,0.3869565217391304,0.3869565217391304,0.02199591057860413,0.7697055857642469,0,True,False,-0.3127692192136581,1.086682262691919
awgn,30,20260811,32,edge_fraction,True,24,RQ2,230,158,-0.4034782608695653,-0.4034782608695653,-0.7611548556430446,-0.11744084136722177,0,True,False,-1.1032040018223537,0.2962474800832232
awgn,30,20260811,32,glcm_contrast,True,24,RQ2,231,159,-0.2860869565217391,-0.2860869565217391,-0.6021924109807041,-0.021834061135371334,0,True,False,-0.9858126974745276,0.4136387844310494
awgn,30,20260811,32,glcm_entropy,True,24,RQ2,232,160,-0.4608695652173913,-0.4608695652173913,-0.8683865325754263,-0.06318145441805838,0,True,False,-1.1605953061701797,0.2388561757353972
awgn,30,20260811,32,glcm_homogeneity,True,24,RQ2,233,161,0.7539130434782607,-0.7539130434782607,-1.0503304320488895,-0.41284929670044784,0,True,False,-1.4536387844310492,-0.054187302525472214
awgn,30,20260811,37,sobel_si,True,24,RQ2,234,162,-0.05217391304347829,-0.05217391304347829,-0.2409126688007483,0.13053000438020146,0,True,False,-0.7518996539962668,0.6475518279093102
awgn,30,20260811,37,luma_sd,True,24,RQ2,235,163,0.07043478260869568,0.07043478260869568,-0.24199912319158262,0.3665791776027998,0,True,False,-0.6292909583440929,0.7701605235614841
awgn,30,20260811,37,edge_fraction,True,24,RQ2,236,164,-0.24521739130434783,-0.24521739130434783,-0.565293602103418,-0.015748031496063075,0,True,False,-0.9449431322571363,0.45450834964844067
awgn,30,20260811,37,glcm_contrast,True,24,RQ2,237,165,-0.2008695652173914,-0.2008695652173914,-0.46160933100158225,-0.007005253940455364,0,True,False,-0.9005953061701799,0.4988561757353971
awgn,30,20260811,37,glcm_entropy,True,24,RQ2,238,166,-0.3991304347826087,-0.3991304347826087,-0.7851203501094093,-0.0446389496717725,0,True,False,-1.0988561757353972,0.3005953061701798
awgn,30,20260811,37,glcm_homogeneity,True,24,RQ2,239,167,0.5730434782608695,-0.5730434782608695,-0.9240174672489081,-0.23611718408395288,0,True,False,-1.2727692192136582,0.12668226269191896
clean,0,,22,luma_sd,True,24,RQ1,216,217,-0.4426086956521739,-0.4426086956521739,-0.8435873157370863,-0.024496937882764688,0,True,False,-0.9482910388267984,0.06307364752245054
clean,0,,22,edge_fraction,True,24,RQ1,216,218,0.23304347826086946,0.23304347826086946,0.03152295293680326,0.47660690861390465,0,True,False,-0.272638864913755,0.7387258214354939
clean,0,,22,glcm_contrast,True,24,RQ1,216,219,0.0808695652173913,0.0808695652173913,-0.006124234470691103,0.21024967148488838,0,True,False,-0.42481277795723316,0.5865519083920158
clean,0,,22,glcm_entropy,True,24,RQ1,216,220,0.11652173913043473,0.11652173913043473,-0.05957074025405168,0.3519111835583681,0,True,False,-0.38916060404418973,0.6222040823050592
clean,0,,22,glcm_homogeneity,True,24,RQ1,216,221,-1.2678260869565219,0.16000000000000003,-0.022948939461512705,0.38715635507882745,0,True,False,-0.34568234317462443,0.6656823431746245
clean,0,,27,luma_sd,True,24,RQ1,222,223,-0.47217391304347817,-0.47217391304347817,-0.8721597081450629,-0.040332303474074654,0,True,False,-0.9778562562181026,0.033508430131146294
clean,0,,27,edge_fraction,True,24,RQ1,222,224,0.2026086956521741,0.2026086956521741,0.011428320361536563,0.4369527145359018,0,True,False,-0.30307364752245036,0.7082910388267986
clean,0,,27,glcm_contrast,True,24,RQ1,222,225,0.06347826086956532,0.06347826086956532,-0.0298507462686567,0.18277219064276345,0,True,False,-0.44220408230505914,0.5691606040441898
clean,0,,27,glcm_entropy,True,24,RQ1,222,226,0.09043478260869575,0.09043478260869575,-0.09607196750740671,0.3150504607283896,0,True,False,-0.4152475605659287,0.5961171257833202
clean,0,,27,glcm_homogeneity,True,24,RQ1,222,227,-1.3704347826086956,0.13391304347826105,-0.04479578392621875,0.34828496042216345,0,True,False,-0.3717692996963634,0.6395953866528855
clean,0,,32,luma_sd,True,24,RQ1,228,229,-0.5191304347826087,-0.5191304347826087,-0.8969750109601051,-0.10747051114023598,0,True,False,-1.0248127779572331,-0.013448091607984214
clean,0,,32,edge_fraction,True,24,RQ1,228,230,0.15652173913043488,0.15652173913043488,-0.004403346543372932,0.36641956177769525,0,True,False,-0.3491606040441896,0.6622040823050593
clean,0,,32,glcm_contrast,True,24,RQ1,228,231,0.05478260869565221,0.05478260869565221,-0.03239929947460585,0.16331877729257638,0,True,False,-0.45089973447897225,0.5604649518702767
clean,0,,32,glcm_entropy,True,24,RQ1,228,232,0.03391304347826085,0.03391304347826085,-0.1434257530391191,0.21494430025815545,0,True,False,-0.4717692996963636,0.5395953866528853
clean,0,,32,glcm_homogeneity,True,24,RQ1,228,233,-1.514782608695652,0.09565217391304337,-0.05861767279090113,0.28146853146853135,0,True,False,-0.4100301692615811,0.6013345170876678
clean,0,,37,luma_sd,True,24,RQ1,234,235,-0.5669565217391304,-0.5669565217391304,-0.9241593940151583,-0.19493006993007012,0,True,False,-1.0726388649137548,-0.0612741785645059
clean,0,,37,edge_fraction,True,24,RQ1,234,236,0.11391304347826092,0.11391304347826092,-0.03594914511179304,0.30829694323144097,0,True,False,-0.39176929969636354,0.6195953866528854
clean,0,,37,glcm_contrast,True,24,RQ1,234,237,0.047826086956521796,0.047826086956521796,-0.035855615883607105,0.1502636203866432,0,True,False,-0.45785625621810266,0.5535084301311463
clean,0,,37,glcm_entropy,True,24,RQ1,234,238,-0.014782608695652177,-0.014782608695652177,-0.18404907975460116,0.1369021500658183,0,True,False,-0.5204649518702766,0.4908997344789723
clean,0,,37,glcm_homogeneity,True,24,RQ1,234,239,-1.6208695652173912,0.05565217391304356,-0.09644892590968868,0.22174199749663753,0,True,False,-0.4500301692615809,0.561334517087668
stripes,8,,22,sobel_si,True,24,RQ2,216,240,0.05217391304347818,0.05217391304347818,-0.007005253940455258,0.147856517935258,0,True,False,-0.6475518279093103,0.7518996539962667
stripes,8,,22,luma_sd,True,24,RQ2,217,241,0.018260869565217414,0.018260869565217414,-0.0724890829694323,0.11898773047242199,0,True,False,-0.6814648713875711,0.7179866105180059
stripes,8,,22,edge_fraction,True,24,RQ2,218,242,0.03304347826086951,0.03304347826086951,-0.03496579939518287,0.12428884026258202,0,True,False,-0.666682262691919,0.732769219213658
stripes,8,,22,glcm_contrast,True,24,RQ2,219,243,0.026956521739130435,0.026956521739130435,-0.0395952485701715,0.11383537653239928,0,True,False,-0.6727692192136581,0.7266822626919189
stripes,8,,22,glcm_entropy,True,24,RQ2,220,244,0.0,0.0,-0.09549048467447735,0.10931351114997812,0,True,False,-0.6997257409527885,0.6997257409527885
stripes,8,,22,glcm_homogeneity,True,24,RQ2,221,245,-0.004347826086956497,0.004347826086956497,-0.08409986859395537,0.09960681520314552,0,True,False,-0.695377914865832,0.704073567039745
stripes,8,,27,sobel_si,True,24,RQ2,222,246,0.053043478260869636,0.053043478260869636,-0.04492207360846521,0.18659774018618955,0,True,False,-0.6466822626919189,0.7527692192136581
stripes,8,,27,luma_sd,True,24,RQ2,223,247,0.049565217391304345,0.049565217391304345,-0.09602793539938886,0.23911159951159955,0,True,False,-0.6501605235614841,0.7492909583440929
stripes,8,,27,edge_fraction,True,24,RQ2,224,248,0.011304347826086802,0.011304347826086802,-0.06809253601047582,0.10912503645363779,0,True,False,-0.6884213931267017,0.7110300887788753
stripes,8,,27,glcm_contrast,True,24,RQ2,225,249,0.02608695652173909,0.02608695652173909,-0.05676855895196509,0.1267488673298534,0,True,False,-0.6736387844310494,0.7258126974745276
stripes,8,,27,glcm_entropy,True,24,RQ2,226,250,-0.017391304347826098,-0.017391304347826098,-0.12028259390263411,0.08322382829610155,0,True,False,-0.7171170453006146,0.6823344366049624
stripes,8,,27,glcm_homogeneity,True,24,RQ2,227,251,0.009565217391304448,-0.009565217391304448,-0.13007420340462672,0.10314685314685312,0,True,False,-0.709290958344093,0.690160523561484
stripes,8,,32,sobel_si,True,24,RQ2,228,252,0.003478260869565153,0.003478260869565153,-0.087989441267048,0.08252853380158032,0,True,False,-0.6962474800832233,0.7032040018223537
stripes,8,,32,luma_sd,True,24,RQ2,229,253,0.020869565217391306,0.020869565217391306,-0.04561403508771922,0.10775295663600526,0,True,False,-0.6788561757353972,0.7205953061701798
stripes,8,,32,edge_fraction,True,24,RQ2,230,254,-0.003478260869565375,-0.003478260869565375,-0.06896702303869905,0.05962427990185893,0,True,False,-0.7032040018223539,0.6962474800832231
stripes,8,,32,glcm_contrast,True,24,RQ2,231,255,-0.00782608695652176,-0.00782608695652176,-0.09868995633187772,0.06806431266439823,0,True,False,-0.7075518279093103,0.6918996539962667
stripes,8,,32,glcm_entropy,True,24,RQ2,232,256,-0.01043478260869557,-0.01043478260869557,-0.12099956159579128,0.09824561403508769,0,True,False,-0.7101605235614841,0.6892909583440929
stripes,8,,32,glcm_homogeneity,True,24,RQ2,233,257,0.01826086956521733,-0.01826086956521733,-0.11266375545851526,0.046348928727590784,0,True,False,-0.7179866105180058,0.6814648713875712
stripes,8,,37,sobel_si,True,24,RQ2,234,258,0.020000000000000018,0.020000000000000018,-0.03409090909090906,0.08965883827668121,0,True,False,-0.6797257409527885,0.7197257409527885
stripes,8,,37,luma_sd,True,24,RQ2,235,259,0.034782608695652195,0.034782608695652195,0.0,0.1268591426071741,0,True,False,-0.6649431322571363,0.7345083496484407
stripes,8,,37,edge_fraction,True,24,RQ2,236,260,-0.006956521739130528,-0.006956521739130528,-0.08252853380158032,0.05417212756662294,0,True,False,-0.706682262691919,0.692769219213658
stripes,8,,37,glcm_contrast,True,24,RQ2,237,261,0.006956521739130417,0.006956521739130417,-0.05872042068361094,0.07479267100623992,0,True,False,-0.6927692192136581,0.7066822626919189
stripes,8,,37,glcm_entropy,True,24,RQ2,238,262,0.03826086956521746,0.03826086956521746,-0.02541685862059832,0.13811188811188813,0,True,False,-0.661464871387571,0.737986610518006
stripes,8,,37,glcm_homogeneity,True,24,RQ2,239,263,-0.00782608695652176,0.00782608695652176,-0.0554101898273526,0.0788436268068331,0,True,False,-0.6918996539962667,0.7075518279093103
stripes,16,,22,sobel_si,True,24,RQ2,216,264,0.021739130434782594,0.021739130434782594,-0.08252853380158032,0.14610773785319103,0,True,False,-0.6779866105180059,0.7214648713875711
stripes,16,,22,luma_sd,True,24,RQ2,217,265,0.06782608695652173,0.06782608695652173,-0.026258205689277864,0.21619256017505473,0,True,False,-0.6318996539962668,0.7675518279093102
stripes,16,,22,edge_fraction,True,24,RQ2,218,266,0.0304347826086957,0.0304347826086957,-0.09162338261411096,0.16557161629434936,0,True,False,-0.6692909583440928,0.7301605235614842
stripes,16,,22,glcm_contrast,True,24,RQ2,219,267,0.05130434782608695,0.05130434782608695,-0.08220376038478355,0.20970314089580164,0,True,False,-0.6484213931267016,0.7510300887788754
stripes,16,,22,glcm_entropy,True,24,RQ2,220,268,-0.047826086956521685,-0.047826086956521685,-0.19580419580419572,0.08859649122807017,0,True,False,-0.7475518279093102,0.6518996539962668
stripes,16,,22,glcm_homogeneity,True,24,RQ2,221,269,-0.053043478260869414,0.053043478260869414,-0.10747051114023587,0.24912587412587406,0,True,False,-0.6466822626919191,0.7527692192136579
stripes,16,,27,sobel_si,True,24,RQ2,222,270,0.019130434782608785,0.019130434782608785,-0.07688947138488422,0.1359082850704141,0,True,False,-0.6805953061701797,0.7188561757353973
stripes,16,,27,luma_sd,True,24,RQ2,223,271,0.013043478260869545,0.013043478260869545,-0.11363636363636365,0.15478793178836892,0,True,False,-0.6866822626919189,0.7127692192136581
stripes,16,,27,edge_fraction,True,24,RQ2,224,272,0.042608695652173845,0.042608695652173845,-0.059389943550033235,0.16360454943132108,0,True,False,-0.6571170453006147,0.7423344366049623
stripes,16,,27,glcm_contrast,True,24,RQ2,225,273,0.06869565217391294,0.06869565217391294,-0.04205085563646716,0.22290478279947346,0,True,False,-0.6310300887788756,0.7684213931267014
stripes,16,,27,glcm_entropy,True,24,RQ2,226,274,-0.02086956521739136,-0.02086956521739136,-0.12846618021222064,0.10131004366812224,0,True,False,-0.7205953061701799,0.6788561757353971
stripes,16,,27,glcm_homogeneity,True,24,RQ2,227,275,-0.060869565217391175,0.060869565217391175,-0.055944055944055944,0.20521999192690166,0,True,False,-0.6388561757353973,0.7605953061701797
stripes,16,,32,sobel_si,True,24,RQ2,228,276,0.012173913043478257,0.012173913043478257,-0.09122807017543855,0.10683012259194402,0,True,False,-0.6875518279093102,0.7118996539962668
stripes,16,,32,luma_sd,True,24,RQ2,229,277,0.011304347826086997,0.011304347826086997,-0.07080419580419584,0.11120840630472847,0,True,False,-0.6884213931267015,0.7110300887788755
stripes,16,,32,edge_fraction,True,24,RQ2,230,278,0.006956521739130417,0.006956521739130417,-0.0797214138108022,0.09302325581395354,0,True,False,-0.6927692192136581,0.7066822626919189
stripes,16,,32,glcm_contrast,True,24,RQ2,231,279,0.025217391304347858,0.025217391304347858,-0.07894736842105265,0.15162470832287933,0,True,False,-0.6745083496484406,0.7249431322571364
stripes,16,,32,glcm_entropy,True,24,RQ2,232,280,-0.02608695652173909,-0.02608695652173909,-0.16483998246383158,0.12047140986468785,0,True,False,-0.7258126974745276,0.6736387844310494
stripes,16,,32,glcm_homogeneity,True,24,RQ2,233,281,-0.013043478260869712,0.013043478260869712,-0.08391608391608396,0.11770164293791431,0,True,False,-0.6866822626919188,0.7127692192136582
stripes,16,,37,sobel_si,True,24,RQ2,234,282,0.03913043478260869,0.03913043478260869,-0.012423791190561017,0.1223241590214067,0,True,False,-0.6605953061701798,0.7388561757353972
stripes,16,,37,luma_sd,True,24,RQ2,235,283,0.04608695652173911,0.04608695652173911,-0.021006564551422358,0.14567792891619133,0,True,False,-0.6536387844310494,0.7458126974745276
stripes,16,,37,edge_fraction,True,24,RQ2,236,284,-0.01304347826086949,-0.01304347826086949,-0.10434020166593605,0.0725524475524475,0,True,False,-0.712769219213658,0.686682262691919
stripes,16,,37,glcm_contrast,True,24,RQ2,237,285,0.026956521739130435,0.026956521739130435,-0.04811898512685908,0.11413520632133445,0,True,False,-0.6727692192136581,0.7266822626919189
stripes,16,,37,glcm_entropy,True,24,RQ2,238,286,0.01826086956521744,0.01826086956521744,-0.1075174825174825,0.16681226541323693,0,True,False,-0.6814648713875711,0.7179866105180059
stripes,16,,37,glcm_homogeneity,True,24,RQ2,239,287,-0.00521739130434784,0.00521739130434784,-0.08570179274158285,0.09171237642185673,0,True,False,-0.6945083496484407,0.7049431322571363
stripes,32,,22,sobel_si,True,24,RQ2,216,288,0.058260869565217366,0.058260869565217366,-0.09377738825591586,0.23231948506336586,0,True,False,-0.6414648713875711,0.7579866105180059
stripes,32,,22,luma_sd,True,24,RQ2,217,289,0.07130434782608697,0.07130434782608697,-0.07557117750439368,0.2648488142961306,0,True,False,-0.6284213931267015,0.7710300887788755
stripes,32,,22,edge_fraction,True,24,RQ2,218,290,-0.09478260869565203,-0.09478260869565203,-0.3481675392670156,0.09777389786119595,0,True,False,-0.7945083496484405,0.6049431322571365
stripes,32,,22,glcm_contrast,True,24,RQ2,219,291,0.06173913043478263,0.06173913043478263,-0.08471800771107692,0.23184601924759407,0,True,False,-0.6379866105180059,0.7614648713875711
stripes,32,,22,glcm_entropy,True,24,RQ2,220,292,-0.12,-0.12,-0.29820917619803766,0.03238512035010943,0,True,False,-0.8197257409527885,0.5797257409527885
stripes,32,,22,glcm_homogeneity,True,24,RQ2,221,293,-0.021739130434782483,0.021739130434782483,-0.12121608757734395,0.1503496503496503,0,True,False,-0.677986610518006,0.721464871387571
stripes,32,,27,sobel_si,True,24,RQ2,222,294,0.0808695652173913,0.0808695652173913,-0.019264870247078625,0.24332603938730862,0,True,False,-0.6188561757353972,0.7805953061701798
stripes,32,,27,luma_sd,True,24,RQ2,223,295,0.04521739130434782,0.04521739130434782,-0.1303035729104272,0.2547101710308994,0,True,False,-0.6545083496484407,0.7449431322571363
stripes,32,,27,edge_fraction,True,24,RQ2,224,296,-0.07478260869565234,-0.07478260869565234,-0.3121465761436417,0.10737757514093738,0,True,False,-0.7745083496484408,0.6249431322571362
stripes,32,,27,glcm_contrast,True,24,RQ2,225,297,0.08695652173913049,0.08695652173913049,-0.02018429135585787,0.26410144293834703,0,True,False,-0.612769219213658,0.786682262691919
stripes,32,,27,glcm_entropy,True,24,RQ2,226,298,-0.12782608695652187,-0.12782608695652187,-0.3023154215814766,0.00611901489415714,0,True,False,-0.8275518279093104,0.5718996539962666
stripes,32,,27,glcm_homogeneity,True,24,RQ2,227,299,-0.027826086956521667,0.027826086956521667,-0.10162290112146206,0.1554795017498038,0,True,False,-0.6718996539962668,0.7275518279093102
stripes,32,,32,sobel_si,True,24,RQ2,228,300,0.01739130434782621,0.01739130434782621,-0.10912426764866803,0.14398595258999125,0,True,False,-0.6823344366049623,0.7171170453006147
stripes,32,,32,luma_sd,True,24,RQ2,229,301,0.014782608695652233,0.014782608695652233,-0.11563731931668852,0.1373860887009358,0,True,False,-0.6849431322571362,0.7145083496484408
stripes,32,,32,edge_fraction,True,24,RQ2,230,302,-0.09565217391304359,-0.09565217391304359,-0.3152387980942038,0.061243684801981946,0,True,False,-0.7953779148658321,0.6040735670397449
stripes,32,,32,glcm_contrast,True,24,RQ2,231,303,0.03652173913043488,0.03652173913043488,-0.08122270742358073,0.18030634573304172,0,True,False,-0.6632040018223536,0.7362474800832234
stripes,32,,32,glcm_entropy,True,24,RQ2,232,304,-0.1313043478260869,-0.1313043478260869,-0.303375712406839,0.0158311345646438,0,True,False,-0.8310300887788754,0.5684213931267016
stripes,32,,32,glcm_homogeneity,True,24,RQ2,233,305,0.009565217391304115,-0.009565217391304115,-0.11188811188811176,0.09214567792891604,0,True,False,-0.7092909583440926,0.6901605235614844
stripes,32,,37,sobel_si,True,24,RQ2,234,306,0.018260869565217552,0.018260869565217552,-0.06818181818181812,0.11028687817832762,0,True,False,-0.681464871387571,0.717986610518006
stripes,32,,37,luma_sd,True,24,RQ2,235,307,0.05217391304347824,0.05217391304347824,-0.046907854718128625,0.16447944006999127,0,True,False,-0.6475518279093102,0.7518996539962668
stripes,32,,37,edge_fraction,True,24,RQ2,236,308,-0.11130434782608689,-0.11130434782608689,-0.3288150415391342,0.04372540445999129,0,True,False,-0.8110300887788754,0.5884213931267016
stripes,32,,37,glcm_contrast,True,24,RQ2,237,309,0.024347826086956514,0.024347826086956514,-0.05933682373472937,0.1306851980945742,0,True,False,-0.675377914865832,0.724073567039745
stripes,32,,37,glcm_entropy,True,24,RQ2,238,310,-0.09999999999999987,-0.09999999999999987,-0.2623524267599475,0.03942181340341655,0,True,False,-0.7997257409527884,0.5997257409527886
stripes,32,,37,glcm_homogeneity,True,24,RQ2,239,311,0.016521739130434865,-0.016521739130434865,-0.13292522955837338,0.0783467953250104,0,True,False,-0.7162474800832234,0.6832040018223536
