feature_a,feature_b,rho
sobel_si,sobel_si,0.9999999999999999
sobel_si,luma_sd,0.47826086956521735
sobel_si,edge_fraction,0.8269565217391304
sobel_si,glcm_contrast,0.9486956521739129
sobel_si,glcm_entropy,0.8095652173913044
sobel_si,glcm_homogeneity,-0.834782608695652
luma_sd,sobel_si,0.47826086956521735
luma_sd,luma_sd,0.9999999999999999
luma_sd,edge_fraction,0.24521739130434783
luma_sd,glcm_contrast,0.41130434782608694
luma_sd,glcm_entropy,0.44
luma_sd,glcm_homogeneity,-0.24086956521739128
edge_fraction,sobel_si,0.8269565217391304
edge_fraction,luma_sd,0.24521739130434783
edge_fraction,edge_fraction,1.0
edge_fraction,glcm_contrast,0.9243478260869564
edge_fraction,glcm_entropy,0.9095652173913042
edge_fraction,glcm_homogeneity,-0.9773913043478261
glcm_contrast,sobel_si,0.9486956521739129
glcm_contrast,luma_sd,0.41130434782608694
glcm_contrast,edge_fraction,0.9243478260869564
glcm_contrast,glcm_contrast,1.0
glcm_contrast,glcm_entropy,0.9034782608695652
glcm_contrast,glcm_homogeneity,-0.9382608695652174
glcm_entropy,sobel_si,0.8095652173913044
glcm_entropy,luma_sd,0.44
glcm_entropy,edge_fraction,0.9095652173913042
glcm_entropy,glcm_contrast,0.9034782608695652
glcm_entropy,glcm_entropy,0.9999999999999999
glcm_entropy,glcm_homogeneity,-0.926086956521739
glcm_homogeneity,sobel_si,-0.834782608695652
glcm_homogeneity,luma_sd,-0.24086956521739128
glcm_homogeneity,edge_fraction,-0.9773913043478261
glcm_homogeneity,glcm_contrast,-0.9382608695652174
glcm_homogeneity,glcm_entropy,-0.926086956521739
glcm_homogeneity,glcm_homogeneity,0.9999999999999999
