distortion,level,seed,qp,feature,primary,n_images,rho,oriented_rho,ci_low,ci_high,ci_invalid_resamples,ci_evaluable,ci_degenerate,permutation_p,holm_p,unique_feature_values,unique_density_values
awgn,5,20260811,22,sobel_si,True,24,0.6330434782608696,0.6330434782608696,0.2882664593164649,0.8362704179122877,0,True,False,0.0012,0.06839999999999999,24,24
awgn,5,20260811,22,luma_sd,True,24,0.08956521739130437,0.08956521739130437,-0.3589536453430534,0.5228897467373046,0,True,False,0.67638,1.0,24,24
awgn,5,20260811,22,edge_fraction,True,24,0.8260869565217391,0.8260869565217391,0.6091338257782644,0.919650655021834,0,True,False,2e-05,0.00284,24,24
awgn,5,20260811,22,glcm_contrast,True,24,0.7330434782608695,0.7330434782608695,0.41830924222514243,0.9080560420315233,0,True,False,5e-05,0.005350000000000001,24,24
awgn,5,20260811,22,glcm_entropy,True,24,0.6347826086956521,0.6347826086956521,0.2854640980735551,0.8413672217353201,0,True,False,0.00101,0.0606,24,24
awgn,5,20260811,22,glcm_homogeneity,True,24,-0.7321739130434782,0.7321739130434782,-0.8916083916083914,-0.42270652458746716,0,True,False,6e-05,0.00606,24,24
awgn,5,20260811,27,sobel_si,True,24,0.6092628976383188,0.6092628976383188,0.2569405437756709,0.8165057067603159,0,True,False,0.00199,0.10348,24,23
awgn,5,20260811,27,luma_sd,True,24,0.08175690560742607,0.08175690560742607,-0.378745975800391,0.5380577427821522,0,True,False,0.70248,1.0,24,23
awgn,5,20260811,27,edge_fraction,True,24,0.8397477911060625,0.8397477911060625,0.638354288449512,0.92502834980304,0,True,False,2e-05,0.00284,24,23
awgn,5,20260811,27,glcm_contrast,True,24,0.7371167819392935,0.7371167819392935,0.42341151720097137,0.909886264216973,0,True,False,5e-05,0.005350000000000001,24,23
awgn,5,20260811,27,glcm_entropy,True,24,0.6710154540013746,0.6710154540013746,0.34092851101858906,0.8679492785308263,0,True,False,0.00039,0.02613,24,23
awgn,5,20260811,27,glcm_homogeneity,True,24,-0.7527723596088006,0.7527723596088006,-0.9066326271840944,-0.4569562254671509,0,True,False,6e-05,0.00606,24,23
awgn,5,20260811,32,sobel_si,True,24,0.717391304347826,0.717391304347826,0.42844637028527083,0.8743963459468116,0,True,False,0.00012,0.01044,24,24
awgn,5,20260811,32,luma_sd,True,24,0.1913043478260869,0.1913043478260869,-0.2383895618612947,0.5873322954202134,0,True,False,0.36959,1.0,24,24
awgn,5,20260811,32,edge_fraction,True,24,0.8747826086956522,0.8747826086956522,0.707017543859649,0.9403247038174638,0,True,False,2e-05,0.00284,24,24
awgn,5,20260811,32,glcm_contrast,True,24,0.7843478260869564,0.7843478260869564,0.528481294132712,0.9088518843120073,0,True,False,2e-05,0.00284,24,24
awgn,5,20260811,32,glcm_entropy,True,24,0.7017391304347825,0.7017391304347825,0.4035854831657193,0.8635767380848273,0,True,False,0.00018,0.01386,24,24
awgn,5,20260811,32,glcm_homogeneity,True,24,-0.8008695652173913,0.8008695652173913,-0.9082167832167831,-0.5641899141219175,0,True,False,2e-05,0.00284,24,24
awgn,5,20260811,37,sobel_si,True,24,0.7930434782608695,0.7930434782608695,0.5440557665502387,0.918812745525971,0,True,False,2e-05,0.00284,24,24
awgn,5,20260811,37,luma_sd,True,24,0.21565217391304348,0.21565217391304348,-0.2147255429730756,0.6082203760384783,0,True,False,0.30983,1.0,24,24
awgn,5,20260811,37,edge_fraction,True,24,0.8878260869565218,0.8878260869565218,0.7327508997552665,0.9502183406113536,0,True,False,1e-05,0.00168,24,24
awgn,5,20260811,37,glcm_contrast,True,24,0.8426086956521739,0.8426086956521739,0.6248904082991878,0.9432066404543469,0,True,False,1e-05,0.00168,24,24
awgn,5,20260811,37,glcm_entropy,True,24,0.7330434782608695,0.7330434782608695,0.4429824561403508,0.8855895196506549,0,True,False,9e-05,0.00855,24,24
awgn,5,20260811,37,glcm_homogeneity,True,24,-0.8347826086956522,0.8347826086956522,-0.9212959919398486,-0.6227571115973742,0,True,False,1e-05,0.00168,24,24
awgn,5,20260812,22,sobel_si,False,24,0.6401391758198467,0.6401391758198467,0.2881538359126874,0.8457510812843483,0,True,False,nan,nan,24,23
awgn,5,20260812,22,luma_sd,False,24,0.08436616855234393,0.08436616855234393,-0.36902585379310776,0.5278639956331117,0,True,False,nan,nan,24,23
awgn,5,20260812,22,edge_fraction,False,24,0.8197434418616923,0.8197434418616923,0.5835542606245837,0.9253075571177506,0,True,False,nan,nan,24,23
awgn,5,20260812,22,glcm_contrast,False,24,0.7258099758446496,0.7258099758446496,0.4027076024943314,0.9086517347386913,0,True,False,nan,nan,24,23
awgn,5,20260812,22,glcm_entropy,False,24,0.646227456024655,0.646227456024655,0.312934381569351,0.8401053340136945,0,True,False,nan,nan,24,23
awgn,5,20260812,22,glcm_homogeneity,False,24,-0.7131985382775466,0.7131985382775466,-0.8774257508455702,-0.39981921603960197,0,True,False,nan,nan,24,23
awgn,5,20260812,27,sobel_si,False,24,0.5930434782608696,0.5930434782608696,0.22800875273522975,0.8139768635562706,0,True,False,nan,nan,24,24
awgn,5,20260812,27,luma_sd,False,24,0.06260869565217392,0.06260869565217392,-0.4099751092465812,0.5286953642065342,0,True,False,nan,nan,24,24
awgn,5,20260812,27,edge_fraction,False,24,0.8556521739130435,0.8556521739130435,0.6560440005463295,0.9368421052631577,0,True,False,nan,nan,24,24
awgn,5,20260812,27,glcm_contrast,False,24,0.7278260869565216,0.7278260869565216,0.41051845342706533,0.9017565395294461,0,True,False,nan,nan,24,24
awgn,5,20260812,27,glcm_entropy,False,24,0.6652173913043478,0.6652173913043478,0.3236829375549692,0.8636959370904325,0,True,False,nan,nan,24,24
awgn,5,20260812,27,glcm_homogeneity,False,24,-0.737391304347826,0.737391304347826,-0.9043403183299127,-0.43283516770632613,0,True,False,nan,nan,24,24
awgn,5,20260812,32,sobel_si,False,24,0.7104347826086956,0.7104347826086956,0.4169224024550635,0.8729741568112135,0,True,False,nan,nan,24,24
awgn,5,20260812,32,luma_sd,False,24,0.18782608695652173,0.18782608695652173,-0.2489044697633655,0.5909160716422678,0,True,False,nan,nan,24,24
awgn,5,20260812,32,edge_fraction,False,24,0.8669565217391304,0.8669565217391304,0.6999103035551887,0.9370629370629371,0,True,False,nan,nan,24,24
awgn,5,20260812,32,glcm_contrast,False,24,0.7782608695652175,0.7782608695652175,0.513986013986014,0.909130624726955,0,True,False,nan,nan,24,24
awgn,5,20260812,32,glcm_entropy,False,24,0.6834782608695652,0.6834782608695652,0.3690191548101998,0.8529540481400439,0,True,False,nan,nan,24,24
awgn,5,20260812,32,glcm_homogeneity,False,24,-0.7713043478260868,0.7713043478260868,-0.8872888708397173,-0.5270979020979021,0,True,False,nan,nan,24,24
awgn,5,20260812,37,sobel_si,False,24,0.7878260869565217,0.7878260869565217,0.5455301703550391,0.9079351161771152,0,True,False,nan,nan,24,24
awgn,5,20260812,37,luma_sd,False,24,0.23739130434782607,0.23739130434782607,-0.19336534264513314,0.6102899591869144,0,True,False,nan,nan,24,24
awgn,5,20260812,37,edge_fraction,False,24,0.8843478260869565,0.8843478260869565,0.7265181301878549,0.9499791575252305,0,True,False,nan,nan,24,24
awgn,5,20260812,37,glcm_contrast,False,24,0.8356521739130434,0.8356521739130434,0.6192539153201533,0.9370078740157483,0,True,False,nan,nan,24,24
awgn,5,20260812,37,glcm_entropy,False,24,0.728695652173913,0.728695652173913,0.4418563307493542,0.8753839403247038,0,True,False,nan,nan,24,24
awgn,5,20260812,37,glcm_homogeneity,False,24,-0.8078260869565217,0.8078260869565217,-0.8965819456617004,-0.5915854040153855,0,True,False,nan,nan,24,24
awgn,5,20260813,22,sobel_si,False,24,0.6078260869565217,0.6078260869565217,0.24527806232032534,0.81993006993007,0,True,False,nan,nan,24,24
awgn,5,20260813,22,luma_sd,False,24,0.09130434782608697,0.09130434782608697,-0.3782837127845883,0.5541907028907906,0,True,False,nan,nan,24,24
awgn,5,20260813,22,edge_fraction,False,24,0.817391304347826,0.817391304347826,0.5949145111793073,0.9181698196216455,0,True,False,nan,nan,24,24
awgn,5,20260813,22,glcm_contrast,False,24,0.7226086956521739,0.7226086956521739,0.3983384346305203,0.9051383399209485,0,True,False,nan,nan,24,24
awgn,5,20260813,22,glcm_entropy,False,24,0.6408695652173912,0.6408695652173912,0.3022847100175748,0.8374847109190948,0,True,False,nan,nan,24,24
awgn,5,20260813,22,glcm_homogeneity,False,24,-0.7243478260869565,0.7243478260869565,-0.8933100131176213,-0.40753724802804564,0,True,False,nan,nan,24,24
awgn,5,20260813,27,sobel_si,False,24,0.6556521739130434,0.6556521739130434,0.3301094639164273,0.8378390221948504,0,True,False,nan,nan,24,24
awgn,5,20260813,27,luma_sd,False,24,0.12434782608695652,0.12434782608695652,-0.34297041058625544,0.5761821366024517,0,True,False,nan,nan,24,24
awgn,5,20260813,27,edge_fraction,False,24,0.846086956521739,0.846086956521739,0.6532381617205001,0.926711952780754,0,True,False,nan,nan,24,24
awgn,5,20260813,27,glcm_contrast,False,24,0.7643478260869565,0.7643478260869565,0.48536350713573523,0.9073021425448187,0,True,False,nan,nan,24,24
awgn,5,20260813,27,glcm_entropy,False,24,0.6939130434782609,0.6939130434782609,0.40281380780528225,0.8469613151309513,0,True,False,nan,nan,24,24
awgn,5,20260813,27,glcm_homogeneity,False,24,-0.7765217391304349,0.7765217391304349,-0.8966272448532635,-0.5190538764783181,0,True,False,nan,nan,24,24
awgn,5,20260813,32,sobel_si,False,24,0.7121739130434782,0.7121739130434782,0.42544818539571494,0.8713347921225384,0,True,False,nan,nan,24,24
awgn,5,20260813,32,luma_sd,False,24,0.16695652173913042,0.16695652173913042,-0.26906310521715104,0.5702407002188183,0,True,False,nan,nan,24,24
awgn,5,20260813,32,edge_fraction,False,24,0.8982608695652174,0.8982608695652174,0.7550306211723536,0.9516483516483515,0,True,False,nan,nan,24,24
awgn,5,20260813,32,glcm_contrast,False,24,0.7913043478260868,0.7913043478260868,0.5414819402353599,0.9116360454943133,0,True,False,nan,nan,24,24
awgn,5,20260813,32,glcm_entropy,False,24,0.7034782608695651,0.7034782608695651,0.40202100826179377,0.8646748681898068,0,True,False,nan,nan,24,24
awgn,5,20260813,32,glcm_homogeneity,False,24,-0.7999999999999998,0.7999999999999998,-0.9073265326906103,-0.5659351380275764,0,True,False,nan,nan,24,24
awgn,5,20260813,37,sobel_si,False,24,0.7808695652173913,0.7808695652173913,0.5404795526379773,0.9012669287898646,0,True,False,nan,nan,24,24
awgn,5,20260813,37,luma_sd,False,24,0.23130434782608697,0.23130434782608697,-0.21397379912663755,0.6344463971880492,0,True,False,nan,nan,24,24
awgn,5,20260813,37,edge_fraction,False,24,0.8965217391304348,0.8965217391304348,0.74989068648885,0.9544857768052517,0,True,False,nan,nan,24,24
awgn,5,20260813,37,glcm_contrast,False,24,0.8486956521739131,0.8486956521739131,0.6545693047660692,0.9315188762071992,0,True,False,nan,nan,24,24
awgn,5,20260813,37,glcm_entropy,False,24,0.7417391304347826,0.7417391304347826,0.4521613601268644,0.8870761443564259,0,True,False,nan,nan,24,24
awgn,5,20260813,37,glcm_homogeneity,False,24,-0.8486956521739131,0.8486956521739131,-0.9209156206367181,-0.6689886898989489,0,True,False,nan,nan,24,24
awgn,15,20260811,22,sobel_si,True,24,0.846270948468357,0.846270948468357,0.6221441124780318,0.9492785308264102,0,True,False,1e-05,0.00168,24,23
awgn,15,20260811,22,luma_sd,True,24,0.4674929442977821,0.4674929442977821,0.10216945916057975,0.7256792287467135,0,True,False,0.02257,0.85728,24,23
awgn,15,20260811,22,edge_fraction,True,24,0.761469902758527,0.761469902758527,0.4149532763285653,0.9392618994875545,0,True,False,4e-05,0.004520000000000001,24,23
awgn,15,20260811,22,glcm_contrast,True,24,0.677103734206183,0.677103734206183,0.28797139035704616,0.9077373788963148,0,True,False,0.00038,0.025840000000000002,24,23
awgn,15,20260811,22,glcm_entropy,True,24,0.5414220610704545,0.5414220610704545,0.11375996294632396,0.8190790483140784,0,True,False,0.0068,0.28559999999999997,24,23
awgn,15,20260811,22,glcm_homogeneity,True,24,-0.6797129971511008,0.6797129971511008,-0.9048461470063935,-0.2924254509303604,0,True,False,0.00037,0.02553,24,23
awgn,15,20260811,27,sobel_si,True,24,0.8278260869565217,0.8278260869565217,0.5872321818976827,0.9360210341805435,0,True,False,2e-05,0.00284,24,24
awgn,15,20260811,27,luma_sd,True,24,0.42869565217391303,0.42869565217391303,0.038007863695937075,0.7205633583540981,0,True,False,0.03734,1.0,24,24
awgn,15,20260811,27,edge_fraction,True,24,0.7939130434782609,0.7939130434782609,0.5209777099830033,0.9086517347386913,0,True,False,1e-05,0.00168,24,24
awgn,15,20260811,27,glcm_contrast,True,24,0.7208695652173913,0.7208695652173913,0.3988598441442,0.8921525646646207,0,True,False,9e-05,0.00855,24,24
awgn,15,20260811,27,glcm_entropy,True,24,0.5530434782608695,0.5530434782608695,0.14962702939885913,0.8085664335664335,0,True,False,0.00582,0.26189999999999997,24,24
awgn,15,20260811,27,glcm_homogeneity,True,24,-0.7121739130434782,0.7121739130434782,-0.8775153105861768,-0.3930586479950443,0,True,False,0.0001,0.0091,24,24
awgn,15,20260811,32,sobel_si,True,24,0.8321739130434782,0.8321739130434782,0.6068293766196207,0.9306409130816504,0,True,False,1e-05,0.00168,24,24
awgn,15,20260811,32,luma_sd,True,24,0.2756521739130435,0.2756521739130435,-0.15849840361922798,0.6318320944468736,0,True,False,0.19125,1.0,24,24
awgn,15,20260811,32,edge_fraction,True,24,0.8478260869565217,0.8478260869565217,0.6334940815431829,0.9323671497584541,0,True,False,1e-05,0.00168,24,24
awgn,15,20260811,32,glcm_contrast,True,24,0.7939130434782609,0.7939130434782609,0.5416848537756438,0.9195804195804196,0,True,False,2e-05,0.00284,24,24
awgn,15,20260811,32,glcm_entropy,True,24,0.5747826086956522,0.5747826086956522,0.17135202231863048,0.8336252189141855,0,True,False,0.00398,0.18377000000000002,24,24
awgn,15,20260811,32,glcm_homogeneity,True,24,-0.7913043478260869,0.7913043478260869,-0.9044278825076719,-0.5342944517256444,0,True,False,1e-05,0.00168,24,24
awgn,15,20260811,37,sobel_si,True,24,0.7191304347826086,0.7191304347826086,0.43244425010931353,0.8827133479212255,0,True,False,0.00011,0.009680000000000001,24,24
awgn,15,20260811,37,luma_sd,True,24,0.07999999999999999,0.07999999999999999,-0.37027264731750215,0.5343574980070357,0,True,False,0.70962,1.0,24,24
awgn,15,20260811,37,edge_fraction,True,24,0.8973913043478261,0.8973913043478261,0.7316295412971499,0.9527559055118112,0,True,False,1e-05,0.00168,24,24
awgn,15,20260811,37,glcm_contrast,True,24,0.8243478260869566,0.8243478260869566,0.59264843704612,0.9314888010540185,0,True,False,1e-05,0.00168,24,24
awgn,15,20260811,37,glcm_entropy,True,24,0.5295652173913044,0.5295652173913044,0.12143264657688513,0.7970253718285216,0,True,False,0.00867,0.3468,24,24
awgn,15,20260811,37,glcm_homogeneity,True,24,-0.8191304347826087,0.8191304347826087,-0.9158632778264681,-0.596144574784184,0,True,False,1e-05,0.00168,24,24
awgn,15,20260812,22,sobel_si,False,24,0.8339130434782608,0.8339130434782608,0.5896751589742646,0.9440571660755149,0,True,False,nan,nan,24,24
awgn,15,20260812,22,luma_sd,False,24,0.4260869565217391,0.4260869565217391,0.04469763365468887,0.7122868386532575,0,True,False,nan,nan,24,24
awgn,15,20260812,22,edge_fraction,False,24,0.7591304347826087,0.7591304347826087,0.4134128360279576,0.9310344827586206,0,True,False,nan,nan,24,24
awgn,15,20260812,22,glcm_contrast,False,24,0.6678260869565217,0.6678260869565217,0.28283380718353324,0.8918930793711112,0,True,False,nan,nan,24,24
awgn,15,20260812,22,glcm_entropy,False,24,0.5365217391304348,0.5365217391304348,0.09864094695309078,0.8225524475524475,0,True,False,nan,nan,24,24
awgn,15,20260812,22,glcm_homogeneity,False,24,-0.671304347826087,0.671304347826087,-0.8928908486501749,-0.28684210526315784,0,True,False,nan,nan,24,24
awgn,15,20260812,27,sobel_si,False,24,0.7826086956521738,0.7826086956521738,0.4993435448577681,0.9129287598944591,0,True,False,nan,nan,24,24
awgn,15,20260812,27,luma_sd,False,24,0.3826086956521739,0.3826086956521739,-0.014047410008779586,0.6790145049582452,0,True,False,nan,nan,24,24
awgn,15,20260812,27,edge_fraction,False,24,0.7591304347826087,0.7591304347826087,0.4531830378210748,0.8959790209790209,0,True,False,nan,nan,24,24
awgn,15,20260812,27,glcm_contrast,False,24,0.6678260869565217,0.6678260869565217,0.31994674356634195,0.8610378188214598,0,True,False,nan,nan,24,24
awgn,15,20260812,27,glcm_entropy,False,24,0.5078260869565218,0.5078260869565218,0.08493870402802098,0.8001752848378616,0,True,False,nan,nan,24,24
awgn,15,20260812,27,glcm_homogeneity,False,24,-0.6773913043478261,0.6773913043478261,-0.8609532138172278,-0.3339191178568593,0,True,False,nan,nan,24,24
awgn,15,20260812,32,sobel_si,False,24,0.7832137606328423,0.7832137606328423,0.5108492792917444,0.913347921225383,0,True,False,nan,nan,24,23
awgn,15,20260812,32,luma_sd,False,24,0.2561426457594359,0.2561426457594359,-0.1824613378311721,0.6200695379840125,0,True,False,nan,nan,24,23
awgn,15,20260812,32,edge_fraction,False,24,0.814959793129343,0.814959793129343,0.5623632385120351,0.916958041958042,0,True,False,nan,nan,24,23
awgn,15,20260812,32,glcm_contrast,False,24,0.7375516590967799,0.7375516590967799,0.4343600996614249,0.8930763175035437,0,True,False,nan,nan,24,23
awgn,15,20260812,32,glcm_entropy,False,24,0.5683844448346057,0.5683844448346057,0.16213847502191064,0.8319405330003726,0,True,False,nan,nan,24,23
awgn,15,20260812,32,glcm_homogeneity,False,24,-0.747553833718965,0.747553833718965,-0.8933567116178276,-0.44619487463419977,0,True,False,nan,nan,24,23
awgn,15,20260812,37,sobel_si,False,24,0.7078260869565216,0.7078260869565216,0.4084722345064553,0.8731984825437102,0,True,False,nan,nan,24,24
awgn,15,20260812,37,luma_sd,False,24,0.11130434782608697,0.11130434782608697,-0.3426824733236705,0.561297107445969,0,True,False,nan,nan,24,24
awgn,15,20260812,37,edge_fraction,False,24,0.9217391304347826,0.9217391304347826,0.7858391608391608,0.9630452472352395,0,True,False,nan,nan,24,24
awgn,15,20260812,37,glcm_contrast,False,24,0.8252173913043477,0.8252173913043477,0.5910230271048215,0.9314903048116776,0,True,False,nan,nan,24,24
awgn,15,20260812,37,glcm_entropy,False,24,0.5678260869565217,0.5678260869565217,0.16644455818928428,0.8196147110332748,0,True,False,nan,nan,24,24
awgn,15,20260812,37,glcm_homogeneity,False,24,-0.8391304347826086,0.8391304347826086,-0.925021795989538,-0.6234046260926315,0,True,False,nan,nan,24,24
awgn,15,20260813,22,sobel_si,False,24,0.8539130434782608,0.8539130434782608,0.6145036328701976,0.9529011574212257,0,True,False,nan,nan,24,24
awgn,15,20260813,22,luma_sd,False,24,0.41391304347826086,0.41391304347826086,0.033786748573935946,0.6989436619718309,0,True,False,nan,nan,24,24
awgn,15,20260813,22,edge_fraction,False,24,0.7643478260869565,0.7643478260869565,0.4422045719143133,0.914337535553132,0,True,False,nan,nan,24,24
awgn,15,20260813,22,glcm_contrast,False,24,0.6965217391304347,0.6965217391304347,0.3479202690088905,0.8864628820960698,0,True,False,nan,nan,24,24
awgn,15,20260813,22,glcm_entropy,False,24,0.5226086956521739,0.5226086956521739,0.09498582588061412,0.8140149845747027,0,True,False,nan,nan,24,24
awgn,15,20260813,22,glcm_homogeneity,False,24,-0.7104347826086956,0.7104347826086956,-0.8872870249017037,-0.36606751424813677,0,True,False,nan,nan,24,24
awgn,15,20260813,27,sobel_si,False,24,0.8295652173913042,0.8295652173913042,0.5963060686015831,0.937855579868709,0,True,False,nan,nan,24,24
awgn,15,20260813,27,luma_sd,False,24,0.4617391304347826,0.4617391304347826,0.09513269952173395,0.7218569107856962,0,True,False,nan,nan,24,24
awgn,15,20260813,27,edge_fraction,False,24,0.7730434782608695,0.7730434782608695,0.47345326897762186,0.911751856705985,0,True,False,nan,nan,24,24
awgn,15,20260813,27,glcm_contrast,False,24,0.691304347826087,0.691304347826087,0.34442013129102844,0.8812142542894854,0,True,False,nan,nan,24,24
awgn,15,20260813,27,glcm_entropy,False,24,0.5530434782608695,0.5530434782608695,0.14971181851490165,0.8117041559216047,0,True,False,nan,nan,24,24
awgn,15,20260813,27,glcm_homogeneity,False,24,-0.6982608695652174,0.6982608695652174,-0.8837920489296636,-0.35461303017052914,0,True,False,nan,nan,24,24
awgn,15,20260813,32,sobel_si,False,24,0.7921739130434782,0.7921739130434782,0.5345570640009639,0.9108001749016179,0,True,False,nan,nan,24,24
awgn,15,20260813,32,luma_sd,False,24,0.2617391304347826,0.2617391304347826,-0.18059171211807368,0.6410956934844609,0,True,False,nan,nan,24,24
awgn,15,20260813,32,edge_fraction,False,24,0.8434782608695651,0.8434782608695651,0.6134674245736773,0.9421306444541867,0,True,False,nan,nan,24,24
awgn,15,20260813,32,glcm_contrast,False,24,0.7843478260869565,0.7843478260869565,0.506108202443281,0.9169943206640455,0,True,False,nan,nan,24,24
awgn,15,20260813,32,glcm_entropy,False,24,0.5678260869565217,0.5678260869565217,0.16455640659627527,0.824205893350185,0,True,False,nan,nan,24,24
awgn,15,20260813,32,glcm_homogeneity,False,24,-0.7913043478260869,0.7913043478260869,-0.9217582417582417,-0.5133713283647523,0,True,False,nan,nan,24,24
awgn,15,20260813,37,sobel_si,False,24,0.7078260869565216,0.7078260869565216,0.4097070397901181,0.8758741258741257,0,True,False,nan,nan,24,24
awgn,15,20260813,37,luma_sd,False,24,0.11304347826086958,0.11304347826086958,-0.34155014605647466,0.5646456050836697,0,True,False,nan,nan,24,24
awgn,15,20260813,37,edge_fraction,False,24,0.9069565217391304,0.9069565217391304,0.7463926541320507,0.9579500657030225,0,True,False,nan,nan,24,24
awgn,15,20260813,37,glcm_contrast,False,24,0.8191304347826086,0.8191304347826086,0.5774746211066698,0.9289785181937744,0,True,False,nan,nan,24,24
awgn,15,20260813,37,glcm_entropy,False,24,0.5443478260869565,0.5443478260869565,0.14223194748358864,0.8041101880192392,0,True,False,nan,nan,24,24
awgn,15,20260813,37,glcm_homogeneity,False,24,-0.8252173913043477,0.8252173913043477,-0.9234845312998345,-0.5958005249343833,0,True,False,nan,nan,24,24
awgn,30,20260811,22,sobel_si,True,24,0.7288541159470536,0.7288541159470536,0.4109191298590462,0.8866071382328209,0,True,False,0.00012,0.01044,24,23
awgn,30,20260811,22,luma_sd,True,24,0.6979778377655257,0.6979778377655257,0.368006993006993,0.8878201606739293,0,True,False,0.00021,0.015960000000000002,24,23
awgn,30,20260811,22,edge_fraction,True,24,0.2804957665786692,0.2804957665786692,-0.20612790237194684,0.6888694127957932,0,True,False,0.18423,1.0,24,23
awgn,30,20260811,22,glcm_contrast,True,24,0.3087627818152792,0.3087627818152792,-0.17594090721239794,0.7118025059415658,0,True,False,0.14323,1.0,24,23
awgn,30,20260811,22,glcm_entropy,True,24,0.1622091797423932,0.1622091797423932,-0.29873426300347405,0.6130672072424473,0,True,False,0.44508,1.0,24,23
awgn,30,20260811,22,glcm_homogeneity,True,24,0.11915634115124868,-0.11915634115124868,-0.3076586433260394,0.5213412531264203,0,True,False,0.57627,1.0,24,23
awgn,30,20260811,27,sobel_si,True,24,0.7478260869565218,0.7478260869565218,0.4210756449497158,0.914073299319794,0,True,False,5e-05,0.005350000000000001,24,24
awgn,30,20260811,27,luma_sd,True,24,0.5339130434782609,0.5339130434782609,0.14059173258778723,0.7716535433070868,0,True,False,0.00754,0.30913999999999997,24,24
awgn,30,20260811,27,edge_fraction,True,24,0.46869565217391296,0.46869565217391296,0.006576063130206032,0.7995667472638135,0,True,False,0.02256,0.85728,24,24
awgn,30,20260811,27,glcm_contrast,True,24,0.4556521739130434,0.4556521739130434,-0.014442013129102826,0.8014866637516397,0,True,False,0.02687,0.94045,24,24
awgn,30,20260811,27,glcm_entropy,True,24,0.2304347826086956,0.2304347826086956,-0.24101665205959688,0.6334940815431828,0,True,False,0.27734,1.0,24,24
awgn,30,20260811,27,glcm_homogeneity,True,24,-0.08347826086956517,0.08347826086956517,-0.46332894158981114,0.3502849627356422,0,True,False,0.69713,1.0,24,24
awgn,30,20260811,32,sobel_si,True,24,0.7765217391304348,0.7765217391304348,0.48115189936951536,0.9165202108963093,0,True,False,4e-05,0.004520000000000001,24,24
awgn,30,20260811,32,luma_sd,True,24,0.577391304347826,0.577391304347826,0.20157739109174405,0.8097385851566321,0,True,False,0.00347,0.17003,24,24
awgn,30,20260811,32,edge_fraction,True,24,0.4626086956521739,0.4626086956521739,0.023580786026200867,0.7566739606126914,0,True,False,0.02449,0.8816400000000001,24,24
awgn,30,20260811,32,glcm_contrast,True,24,0.4782608695652174,0.4782608695652174,0.03752044856353899,0.7857455181460429,0,True,False,0.0197,0.7683,24,24
awgn,30,20260811,32,glcm_entropy,True,24,0.28260869565217384,0.28260869565217384,-0.18479829984141943,0.6666666666666665,0,True,False,0.1804,1.0,24,24
awgn,30,20260811,32,glcm_homogeneity,True,24,-0.051304347826086935,0.051304347826086935,-0.4182001351858342,0.3476923076923076,0,True,False,0.8113,1.0,24,24
awgn,30,20260811,37,sobel_si,True,24,0.7304347826086955,0.7304347826086955,0.390275429395416,0.9195470139829564,0,True,False,7e-05,0.00686,24,24
awgn,30,20260811,37,luma_sd,True,24,0.28608695652173916,0.28608695652173916,-0.16820459559995252,0.660973151029692,0,True,False,0.17352,1.0,24,24
awgn,30,20260811,37,edge_fraction,True,24,0.6513043478260869,0.6513043478260869,0.2859649122807017,0.8589575120455543,0,True,False,0.0007,0.0427,24,24
awgn,30,20260811,37,glcm_contrast,True,24,0.6295652173913042,0.6295652173913042,0.24463894967177247,0.8576449912126538,0,True,False,0.00133,0.07448,24,24
awgn,30,20260811,37,glcm_entropy,True,24,0.368695652173913,0.368695652173913,-0.08525789833804628,0.7161629434954009,0,True,False,0.07686,1.0,24,24
awgn,30,20260811,37,glcm_homogeneity,True,24,-0.2652173913043478,0.2652173913043478,-0.587746170678337,0.15178316466101746,0,True,False,0.21016,1.0,24,24
awgn,30,20260812,22,sobel_si,False,24,0.7556521739130434,0.7556521739130434,0.4831066257130321,0.9022261021388038,0,True,False,nan,nan,24,24
awgn,30,20260812,22,luma_sd,False,24,0.6243478260869564,0.6243478260869564,0.240052470485352,0.8553297810169058,0,True,False,nan,nan,24,24
awgn,30,20260812,22,edge_fraction,False,24,0.3721739130434783,0.3721739130434783,-0.11081689307377011,0.757898645696811,0,True,False,nan,nan,24,24
awgn,30,20260812,22,glcm_contrast,False,24,0.3756521739130435,0.3756521739130435,-0.10363374376530254,0.7717533887188456,0,True,False,nan,nan,24,24
awgn,30,20260812,22,glcm_entropy,False,24,0.15565217391304348,0.15565217391304348,-0.3149859103062907,0.6063130206049978,0,True,False,nan,nan,24,24
awgn,30,20260812,22,glcm_homogeneity,False,24,0.03913043478260868,-0.03913043478260868,-0.3861646234676006,0.4458993539534091,0,True,False,nan,nan,24,24
awgn,30,20260812,27,sobel_si,False,24,0.7895652173913043,0.7895652173913043,0.5542907180385288,0.9074256012229364,0,True,False,nan,nan,24,24
awgn,30,20260812,27,luma_sd,False,24,0.6052173913043478,0.6052173913043478,0.25164113785557995,0.8135667396061269,0,True,False,nan,nan,24,24
awgn,30,20260812,27,edge_fraction,False,24,0.44956521739130434,0.44956521739130434,-0.004374453193350794,0.7719528178243775,0,True,False,nan,nan,24,24
awgn,30,20260812,27,glcm_contrast,False,24,0.4747826086956521,0.4747826086956521,0.025863584342926193,0.7895196506550217,0,True,False,nan,nan,24,24
awgn,30,20260812,27,glcm_entropy,False,24,0.28260869565217384,0.28260869565217384,-0.17844685271231558,0.6735654247806058,0,True,False,nan,nan,24,24
awgn,30,20260812,27,glcm_homogeneity,False,24,-0.045217391304347807,0.045217391304347807,-0.4345974796841177,0.3714560128871566,0,True,False,nan,nan,24,24
awgn,30,20260812,32,sobel_si,False,24,0.7982608695652174,0.7982608695652174,0.5247243165629933,0.9269382269198119,0,True,False,nan,nan,24,24
awgn,30,20260812,32,luma_sd,False,24,0.5782608695652174,0.5782608695652174,0.20685036933369824,0.8016601135867191,0,True,False,nan,nan,24,24
awgn,30,20260812,32,edge_fraction,False,24,0.4721739130434782,0.4721739130434782,0.031232139813253287,0.7602852059321186,0,True,False,nan,nan,24,24
awgn,30,20260812,32,glcm_contrast,False,24,0.48695652173913045,0.48695652173913045,0.04401214897122411,0.7898956538945018,0,True,False,nan,nan,24,24
awgn,30,20260812,32,glcm_entropy,False,24,0.2660869565217391,0.2660869565217391,-0.20213039344178002,0.6527090013641794,0,True,False,nan,nan,24,24
awgn,30,20260812,32,glcm_homogeneity,False,24,-0.04782608695652171,0.04782608695652171,-0.4207110783969873,0.3688834524337808,0,True,False,nan,nan,24,24
awgn,30,20260812,37,sobel_si,False,24,0.8391304347826087,0.8391304347826087,0.5789934354485777,0.9501965923984272,0,True,False,nan,nan,24,24
awgn,30,20260812,37,luma_sd,False,24,0.44260869565217387,0.44260869565217387,0.03478337954427797,0.7516515468238406,0,True,False,nan,nan,24,24
awgn,30,20260812,37,edge_fraction,False,24,0.6330434782608696,0.6330434782608696,0.2637554585152838,0.8302712160979879,0,True,False,nan,nan,24,24
awgn,30,20260812,37,glcm_contrast,False,24,0.6591304347826087,0.6591304347826087,0.3121933349380404,0.8546409807355515,0,True,False,nan,nan,24,24
awgn,30,20260812,37,glcm_entropy,False,24,0.4417391304347826,0.4417391304347826,0.028471309680245287,0.7439930100480558,0,True,False,nan,nan,24,24
awgn,30,20260812,37,glcm_homogeneity,False,24,-0.23826086956521736,0.23826086956521736,-0.5589660414261102,0.15785296064295945,0,True,False,nan,nan,24,24
awgn,30,20260813,22,sobel_si,False,24,0.671304347826087,0.671304347826087,0.3006113433671534,0.889811980760822,0,True,False,nan,nan,24,24
awgn,30,20260813,22,luma_sd,False,24,0.56,0.56,0.15465548445105465,0.7995605357443432,0,True,False,nan,nan,24,24
awgn,30,20260813,22,edge_fraction,False,24,0.29478260869565226,0.29478260869565226,-0.19212339827811914,0.701314594024121,0,True,False,nan,nan,24,24
awgn,30,20260813,22,glcm_contrast,False,24,0.3060869565217392,0.3060869565217392,-0.18130777498143943,0.7298304837059771,0,True,False,nan,nan,24,24
awgn,30,20260813,22,glcm_entropy,False,24,0.0791304347826087,0.0791304347826087,-0.39895013123359585,0.5500229657688155,0,True,False,nan,nan,24,24
awgn,30,20260813,22,glcm_homogeneity,False,24,0.041739130434782584,-0.041739130434782584,-0.3884522062145004,0.465149916012498,0,True,False,nan,nan,24,24
awgn,30,20260813,27,sobel_si,False,24,0.7591304347826087,0.7591304347826087,0.43320121957051083,0.9265413205072146,0,True,False,nan,nan,24,24
awgn,30,20260813,27,luma_sd,False,24,0.528695652173913,0.528695652173913,0.133216476774759,0.7722086617039793,0,True,False,nan,nan,24,24
awgn,30,20260813,27,edge_fraction,False,24,0.448695652173913,0.448695652173913,-0.015331377317008515,0.7802101576182136,0,True,False,nan,nan,24,24
awgn,30,20260813,27,glcm_contrast,False,24,0.45739130434782604,0.45739130434782604,-0.002182548422522095,0.7972027972027972,0,True,False,nan,nan,24,24
awgn,30,20260813,27,glcm_entropy,False,24,0.24695652173913035,0.24695652173913035,-0.22855268650256347,0.658644376673254,0,True,False,nan,nan,24,24
awgn,30,20260813,27,glcm_homogeneity,False,24,-0.11652173913043479,0.11652173913043479,-0.49387093860605236,0.3219605003503003,0,True,False,nan,nan,24,24
awgn,30,20260813,32,sobel_si,False,24,0.8145249159718566,0.8145249159718566,0.5576923076923077,0.9223380522145045,0,True,False,nan,nan,24,23
awgn,30,20260813,32,luma_sd,False,24,0.5322896407632421,0.5322896407632421,0.14623140042296368,0.780958369198654,0,True,False,nan,nan,24,23
awgn,30,20260813,32,edge_fraction,False,24,0.48967167932958383,0.48967167932958383,0.054800526085050406,0.7731755684004404,0,True,False,nan,nan,24,23
awgn,30,20260813,32,glcm_contrast,False,24,0.5170689402512213,0.5170689402512213,0.08093535621507027,0.8079794030832199,0,True,False,nan,nan,24,23
awgn,30,20260813,32,glcm_entropy,False,24,0.2648401889091621,0.2648401889091621,-0.1927737933193356,0.6445838562154887,0,True,False,nan,nan,24,23
awgn,30,20260813,32,glcm_homogeneity,False,24,-0.14350946197048187,0.14350946197048187,-0.4888403000323784,0.2754548874960018,0,True,False,nan,nan,24,23
awgn,30,20260813,37,sobel_si,False,24,0.7643478260869565,0.7643478260869565,0.4608280755206411,0.9148020457273427,0,True,False,nan,nan,24,24
awgn,30,20260813,37,luma_sd,False,24,0.37130434782608696,0.37130434782608696,-0.05180210032233119,0.6788846747559697,0,True,False,nan,nan,24,24
awgn,30,20260813,37,edge_fraction,False,24,0.6086956521739131,0.6086956521739131,0.2330564057717534,0.8242253341458524,0,True,False,nan,nan,24,24
awgn,30,20260813,37,glcm_contrast,False,24,0.5878260869565218,0.5878260869565218,0.2211487854251014,0.8168273444347065,0,True,False,nan,nan,24,24
awgn,30,20260813,37,glcm_entropy,False,24,0.31999999999999995,0.31999999999999995,-0.12259421489193804,0.6659379099256668,0,True,False,nan,nan,24,24
awgn,30,20260813,37,glcm_homogeneity,False,24,-0.268695652173913,0.268695652173913,-0.5682829027056634,0.12825480919676327,0,True,False,nan,nan,24,24
clean,0,,22,sobel_si,True,24,0.5539130434782609,0.5539130434782609,0.1288153946124423,0.8162729658792652,0,True,False,0.00597,0.26267999999999997,24,24
clean,0,,22,luma_sd,True,24,0.11130434782608695,0.11130434782608695,-0.36598163533012673,0.5544946428065783,0,True,False,0.60261,1.0,24,24
clean,0,,22,edge_fraction,True,24,0.7869565217391303,0.7869565217391303,0.4929552492258516,0.9230432881504154,0,True,False,2e-05,0.00284,24,24
clean,0,,22,glcm_contrast,True,24,0.6347826086956522,0.6347826086956522,0.23830345430695238,0.8692408951294427,0,True,False,0.00117,0.06786,24,24
clean,0,,22,glcm_entropy,True,24,0.6704347826086956,0.6704347826086956,0.28816466991167017,0.8895705521472395,0,True,False,0.00052,0.0338,24,24
clean,0,,22,glcm_homogeneity,True,24,-0.7139130434782609,0.7139130434782609,-0.908256880733945,-0.35908691834942935,0,True,False,0.00014,0.011619999999999998,24,24
clean,0,,27,sobel_si,True,24,0.6182608695652173,0.6182608695652173,0.25711658467411286,0.830106481709874,0,True,False,0.00152,0.08360000000000001,24,24
clean,0,,27,luma_sd,True,24,0.14608695652173914,0.14608695652173914,-0.3142391186163393,0.575367015495095,0,True,False,0.49335,1.0,24,24
clean,0,,27,edge_fraction,True,24,0.8208695652173914,0.8208695652173914,0.6042026933043818,0.9160104986876643,0,True,False,3e-05,0.00351,24,24
clean,0,,27,glcm_contrast,True,24,0.6817391304347826,0.6817391304347826,0.35313786213786247,0.860816398187377,0,True,False,0.00029,0.02059,24,24
clean,0,,27,glcm_entropy,True,24,0.7086956521739131,0.7086956521739131,0.3909571598164702,0.8842105263157893,0,True,False,0.00017,0.013260000000000001,24,24
clean,0,,27,glcm_homogeneity,True,24,-0.7521739130434784,0.7521739130434784,-0.8950132391369034,-0.47267162221250547,0,True,False,6e-05,0.00606,24,24
clean,0,,32,sobel_si,True,24,0.7095652173913043,0.7095652173913043,0.41834061135371176,0.8695271453590191,0,True,False,0.00016,0.01264,24,24
clean,0,,32,luma_sd,True,24,0.19043478260869562,0.19043478260869562,-0.24792304328815035,0.5984219174488327,0,True,False,0.37165,1.0,24,24
clean,0,,32,edge_fraction,True,24,0.8660869565217392,0.8660869565217392,0.7045454545454546,0.9301310043668121,0,True,False,2e-05,0.00284,24,24
clean,0,,32,glcm_contrast,True,24,0.7643478260869565,0.7643478260869565,0.506788718577513,0.8933456638117282,0,True,False,3e-05,0.00351,24,24
clean,0,,32,glcm_entropy,True,24,0.7434782608695651,0.7434782608695651,0.45414080184421407,0.8896672504378282,0,True,False,7e-05,0.00686,24,24
clean,0,,32,glcm_homogeneity,True,24,-0.8052173913043477,0.8052173913043477,-0.9032123241985157,-0.5881066899868823,0,True,False,2e-05,0.00284,24,24
clean,0,,37,sobel_si,True,24,0.7826086956521738,0.7826086956521738,0.5346187554776514,0.9063457330415755,0,True,False,2e-05,0.00284,24,24
clean,0,,37,luma_sd,True,24,0.21565217391304348,0.21565217391304348,-0.21799912625600698,0.6033205905958523,0,True,False,0.30973,1.0,24,24
clean,0,,37,edge_fraction,True,24,0.8965217391304348,0.8965217391304348,0.7589089309282886,0.951881014873141,0,True,False,1e-05,0.00168,24,24
clean,0,,37,glcm_contrast,True,24,0.8304347826086956,0.8304347826086956,0.6197530908907927,0.9246461472866052,0,True,False,1e-05,0.00168,24,24
clean,0,,37,glcm_entropy,True,24,0.7678260869565217,0.7678260869565217,0.4949667359607528,0.9032541776605101,0,True,False,3e-05,0.00351,24,24
clean,0,,37,glcm_homogeneity,True,24,-0.8382608695652174,0.8382608695652174,-0.9203152364273204,-0.6445414847161571,0,True,False,1e-05,0.00168,24,24
stripes,8,,22,sobel_si,True,24,0.606086956521739,0.606086956521739,0.2099737532808399,0.8447372437854338,0,True,False,0.00222,0.11100000000000002,24,24
stripes,8,,22,luma_sd,True,24,0.12956521739130436,0.12956521739130436,-0.32691466083150983,0.5539832295661126,0,True,False,0.5437,1.0,24,24
stripes,8,,22,edge_fraction,True,24,0.8199999999999998,0.8199999999999998,0.5595402206547407,0.9327217125382262,0,True,False,2e-05,0.00284,24,24
stripes,8,,22,glcm_contrast,True,24,0.6617391304347826,0.6617391304347826,0.2852739504721044,0.8777836061799396,0,True,False,0.00061,0.03782,24,24
stripes,8,,22,glcm_entropy,True,24,0.6704347826086956,0.6704347826086956,0.29755564363493353,0.882249560632689,0,True,False,0.00056,0.03584,24,24
stripes,8,,22,glcm_homogeneity,True,24,-0.7182608695652174,0.7182608695652174,-0.903795677707106,-0.36745406824146987,0,True,False,0.00013,0.011049999999999999,24,24
stripes,8,,27,sobel_si,True,24,0.671304347826087,0.671304347826087,0.3309980951298743,0.8686543627633199,0,True,False,0.00039,0.02613,24,24
stripes,8,,27,luma_sd,True,24,0.1956521739130435,0.1956521739130435,-0.24104803493449778,0.6003521515063028,0,True,False,0.35837,1.0,24,24
stripes,8,,27,edge_fraction,True,24,0.8321739130434782,0.8321739130434782,0.6198834313719054,0.9232111692844676,0,True,False,2e-05,0.00284,24,24
stripes,8,,27,glcm_contrast,True,24,0.7078260869565217,0.7078260869565217,0.38973763696292607,0.8860673506844596,0,True,False,0.00014,0.011619999999999998,24,24
stripes,8,,27,glcm_entropy,True,24,0.691304347826087,0.691304347826087,0.3703206559255777,0.8706306781647742,0,True,False,0.00027,0.01944,24,24
stripes,8,,27,glcm_homogeneity,True,24,-0.7426086956521739,0.7426086956521739,-0.8896672504378282,-0.45303214976392636,0,True,False,0.0001,0.0091,24,24
stripes,8,,32,sobel_si,True,24,0.7130434782608694,0.7130434782608694,0.41197029270423763,0.8799851065478262,0,True,False,0.00015,0.01215,24,24
stripes,8,,32,luma_sd,True,24,0.21130434782608692,0.21130434782608692,-0.2159108330346832,0.6038562664329536,0,True,False,0.32054,1.0,24,24
stripes,8,,32,edge_fraction,True,24,0.8626086956521738,0.8626086956521738,0.6831840979067022,0.9326348936378583,0,True,False,2e-05,0.00284,24,24
stripes,8,,32,glcm_contrast,True,24,0.7565217391304347,0.7565217391304347,0.4824868651488615,0.9010507880910681,0,True,False,5e-05,0.005350000000000001,24,24
stripes,8,,32,glcm_entropy,True,24,0.7330434782608696,0.7330434782608696,0.44696887639350524,0.8867924528301886,0,True,False,8e-05,0.007680000000000001,24,24
stripes,8,,32,glcm_homogeneity,True,24,-0.7869565217391303,0.7869565217391303,-0.8995194408038444,-0.5446136363636361,0,True,False,4e-05,0.004520000000000001,24,24
stripes,8,,37,sobel_si,True,24,0.8026086956521739,0.8026086956521739,0.5705521472392638,0.9168126094570926,0,True,False,2e-05,0.00284,24,24
stripes,8,,37,luma_sd,True,24,0.25043478260869567,0.25043478260869567,-0.18090440822865264,0.6247259973695747,0,True,False,0.23602,1.0,24,24
stripes,8,,37,edge_fraction,True,24,0.8895652173913042,0.8895652173913042,0.7281872637445851,0.9449781659388646,0,True,False,1e-05,0.00168,24,24
stripes,8,,37,glcm_contrast,True,24,0.837391304347826,0.837391304347826,0.6336546888694129,0.9306713470820536,0,True,False,1e-05,0.00168,24,24
stripes,8,,37,glcm_entropy,True,24,0.8060869565217391,0.8060869565217391,0.5824142218637632,0.9126256006989951,0,True,False,1e-05,0.00168,24,24
stripes,8,,37,glcm_homogeneity,True,24,-0.8460869565217392,0.8460869565217392,-0.920384951881015,-0.6538124452234884,0,True,False,1e-05,0.00168,24,24
stripes,16,,22,sobel_si,True,24,0.5756521739130435,0.5756521739130435,0.16072097588927417,0.8372011764512326,0,True,False,0.00391,0.18377000000000002,24,24
stripes,16,,22,luma_sd,True,24,0.17913043478260868,0.17913043478260868,-0.2836507860948318,0.5947374179431071,0,True,False,0.40066,1.0,24,24
stripes,16,,22,edge_fraction,True,24,0.817391304347826,0.817391304347826,0.5692273805489666,0.9212598425196852,0,True,False,2e-05,0.00284,24,24
stripes,16,,22,glcm_contrast,True,24,0.6860869565217391,0.6860869565217391,0.3174736553600032,0.8862144420131292,0,True,False,0.00025,0.0185,24,24
stripes,16,,22,glcm_entropy,True,24,0.6226086956521739,0.6226086956521739,0.2334610828286914,0.8476357267950961,0,True,False,0.00165,0.0891,24,24
stripes,16,,22,glcm_homogeneity,True,24,-0.7669565217391303,0.7669565217391303,-0.8863436123348016,-0.4971578487101006,0,True,False,2e-05,0.00284,24,24
stripes,16,,27,sobel_si,True,24,0.6373913043478261,0.6373913043478261,0.29230567597540086,0.8425196850393701,0,True,False,0.00101,0.0606,24,24
stripes,16,,27,luma_sd,True,24,0.1591304347826087,0.1591304347826087,-0.2937632574452278,0.5831859181997118,0,True,False,0.45745,1.0,24,24
stripes,16,,27,edge_fraction,True,24,0.8634782608695653,0.8634782608695653,0.6843025797988631,0.9271929824561402,0,True,False,2e-05,0.00284,24,24
stripes,16,,27,glcm_contrast,True,24,0.7504347826086956,0.7504347826086956,0.4626865671641791,0.9002210008212871,0,True,False,5e-05,0.005350000000000001,24,24
stripes,16,,27,glcm_entropy,True,24,0.6878260869565217,0.6878260869565217,0.37734898178676185,0.8589575120455542,0,True,False,0.00034,0.0238,24,24
stripes,16,,27,glcm_homogeneity,True,24,-0.8130434782608695,0.8130434782608695,-0.9067763036882122,-0.588595238095238,0,True,False,2e-05,0.00284,24,24
stripes,16,,32,sobel_si,True,24,0.7217391304347825,0.7217391304347825,0.42857142857142866,0.8829694323144104,0,True,False,0.00013,0.011049999999999999,24,24
stripes,16,,32,luma_sd,True,24,0.20173913043478262,0.20173913043478262,-0.22447630961205814,0.5958009831922474,0,True,False,0.34387,1.0,24,24
stripes,16,,32,edge_fraction,True,24,0.8730434782608696,0.8730434782608696,0.699825479930192,0.9411247803163445,0,True,False,2e-05,0.00284,24,24
stripes,16,,32,glcm_contrast,True,24,0.7895652173913044,0.7895652173913044,0.5303891560996938,0.9218269653052262,0,True,False,2e-05,0.00284,24,24
stripes,16,,32,glcm_entropy,True,24,0.717391304347826,0.717391304347826,0.42668972165689917,0.8792650918635171,0,True,False,9e-05,0.00855,24,24
stripes,16,,32,glcm_homogeneity,True,24,-0.8182608695652174,0.8182608695652174,-0.9164100307963043,-0.6014045871746624,0,True,False,2e-05,0.00284,24,24
stripes,16,,37,sobel_si,True,24,0.8217391304347825,0.8217391304347825,0.6050677151594583,0.9228746713409292,0,True,False,1e-05,0.00168,24,24
stripes,16,,37,luma_sd,True,24,0.2617391304347826,0.2617391304347826,-0.16865107866593987,0.6355674270345121,0,True,False,0.21489,1.0,24,24
stripes,16,,37,edge_fraction,True,24,0.8834782608695653,0.8834782608695653,0.7112860892388453,0.9482683033757124,0,True,False,1e-05,0.00168,24,24
stripes,16,,37,glcm_contrast,True,24,0.8573913043478261,0.8573913043478261,0.6605424321959756,0.9458987783595113,0,True,False,1e-05,0.00168,24,24
stripes,16,,37,glcm_entropy,True,24,0.7860869565217391,0.7860869565217391,0.5460122699386505,0.9058098591549293,0,True,False,1e-05,0.00168,24,24
stripes,16,,37,glcm_homogeneity,True,24,-0.8434782608695652,0.8434782608695652,-0.9240174672489082,-0.6498010055387239,0,True,False,1e-05,0.00168,24,24
stripes,32,,22,sobel_si,True,24,0.6121739130434782,0.6121739130434782,0.20701754385964907,0.8636959370904325,0,True,False,0.00193,0.10229,24,24
stripes,32,,22,luma_sd,True,24,0.1826086956521739,0.1826086956521739,-0.2777304647905405,0.5819576756051497,0,True,False,0.39127,1.0,24,24
stripes,32,,22,edge_fraction,True,24,0.6921739130434783,0.6921739130434783,0.36427117561608024,0.8567059851463521,0,True,False,0.00015,0.01215,24,24
stripes,32,,22,glcm_contrast,True,24,0.6965217391304348,0.6965217391304348,0.3286587633381648,0.9000876424189308,0,True,False,0.00022,0.0165,24,24
stripes,32,,22,glcm_entropy,True,24,0.5504347826086956,0.5504347826086956,0.1491218481270952,0.804282284869296,0,True,False,0.00625,0.26875,24,24
stripes,32,,22,glcm_homogeneity,True,24,-0.7356521739130434,0.7356521739130434,-0.8809132889054097,-0.4215804045488291,0,True,False,9e-05,0.00855,24,24
stripes,32,,27,sobel_si,True,24,0.6991304347826086,0.6991304347826086,0.38810927878092066,0.8769250906161901,0,True,False,0.00026,0.018979999999999997,24,24
stripes,32,,27,luma_sd,True,24,0.19130434782608696,0.19130434782608696,-0.24575495237599396,0.5917912538424802,0,True,False,0.36928,1.0,24,24
stripes,32,,27,edge_fraction,True,24,0.7460869565217391,0.7460869565217391,0.44692005242463956,0.8812668938567687,0,True,False,5e-05,0.005350000000000001,24,24
stripes,32,,27,glcm_contrast,True,24,0.7686956521739131,0.7686956521739131,0.48990253605478734,0.9070990359333919,0,True,False,4e-05,0.004520000000000001,24,24
stripes,32,,27,glcm_entropy,True,24,0.5808695652173912,0.5808695652173912,0.23069468335314194,0.7997365529978979,0,True,False,0.0037,0.1776,24,24
stripes,32,,27,glcm_homogeneity,True,24,-0.78,0.78,-0.895659798334064,-0.528687810763038,0,True,False,4e-05,0.004520000000000001,24,24
stripes,32,,32,sobel_si,True,24,0.7269565217391305,0.7269565217391305,0.4361832235190381,0.8879649890590811,0,True,False,0.0001,0.0091,24,24
stripes,32,,32,luma_sd,True,24,0.20521739130434785,0.20521739130434785,-0.21842657342657318,0.5875146015792133,0,True,False,0.33445,1.0,24,24
stripes,32,,32,edge_fraction,True,24,0.7704347826086956,0.7704347826086956,0.47700394218134046,0.9057612172717788,0,True,False,4e-05,0.004520000000000001,24,24
stripes,32,,32,glcm_contrast,True,24,0.8008695652173914,0.8008695652173914,0.5493204734765453,0.9223385689354275,0,True,False,1e-05,0.00168,24,24
stripes,32,,32,glcm_entropy,True,24,0.6121739130434782,0.6121739130434782,0.2812199274900676,0.8161961189794891,0,True,False,0.00205,0.10455,24,24
stripes,32,,32,glcm_homogeneity,True,24,-0.7956521739130435,0.7956521739130435,-0.9135437627570495,-0.5514665584907145,0,True,False,3e-05,0.00351,24,24
stripes,32,,37,sobel_si,True,24,0.8008695652173914,0.8008695652173914,0.5618951526991705,0.9196874788134465,0,True,False,2e-05,0.00284,24,24
stripes,32,,37,luma_sd,True,24,0.2678260869565217,0.2678260869565217,-0.1601049868766404,0.6331569664902998,0,True,False,0.2045,1.0,24,24
stripes,32,,37,edge_fraction,True,24,0.7852173913043479,0.7852173913043479,0.5061706773907593,0.9165935030728709,0,True,False,2e-05,0.00284,24,24
stripes,32,,37,glcm_contrast,True,24,0.8547826086956521,0.8547826086956521,0.6425723844166401,0.9378827646544183,0,True,False,1e-05,0.00168,24,24
stripes,32,,37,glcm_entropy,True,24,0.6678260869565218,0.6678260869565218,0.3545779708341497,0.8478355924792305,0,True,False,0.0006,0.03779999999999999,24,24
stripes,32,,37,glcm_homogeneity,True,24,-0.8217391304347825,0.8217391304347825,-0.9234171776147424,-0.5987650583759309,0,True,False,1e-05,0.00168,24,24
