analysis_status,family,seed_summary,seeds,n_seeds,distortion,level,qp,feature,reference_feature,n_images,b_homogeneity,b_other,oriented_difference,definition,family_size,alpha,bootstrap_resamples,simultaneous_low,simultaneous_high,critical_value,evaluable,excludes_zero
exploratory,primary_sigma30,primary,20260811,1,awgn,30,22,sobel_si,glcm_homogeneity,24,-0.8330693846295096,0.17494107246879276,-1.0080104570983024,C = B_homogeneity - B_other; B = s * (rho_noisy - rho_clean),20,0.05,99999,-1.7774465832009931,-0.23857433099561165,0.7694361261026907,True,True
exploratory,primary_sigma30,primary,20260811,1,awgn,30,22,luma_sd,glcm_homogeneity,24,-0.8330693846295096,0.5866734899394388,-1.4197428745689484,C = B_homogeneity - B_other; B = s * (rho_noisy - rho_clean),20,0.05,99999,-2.189179000671639,-0.6503067484662577,0.7694361261026907,True,True
exploratory,primary_sigma30,primary,20260811,1,awgn,30,22,edge_fraction,glcm_homogeneity,24,-0.8330693846295096,-0.5064607551604612,-0.32660862946904845,C = B_homogeneity - B_other; B = s * (rho_noisy - rho_clean),20,0.05,99999,-1.0960447555717392,0.4428274966336423,0.7694361261026907,True,False
exploratory,primary_sigma30,primary,20260811,1,awgn,30,22,glcm_contrast,glcm_homogeneity,24,-0.8330693846295096,-0.32601982688037295,-0.5070495577491367,C = B_homogeneity - B_other; B = s * (rho_noisy - rho_clean),20,0.05,99999,-1.2764856838518275,0.262386568353554,0.7694361261026907,True,False
exploratory,primary_sigma30,primary,20260811,1,awgn,30,22,glcm_entropy,glcm_homogeneity,24,-0.8330693846295096,-0.5082256028663024,-0.3248437817632073,C = B_homogeneity - B_other; B = s * (rho_noisy - rho_clean),20,0.05,99999,-1.094279907865898,0.44459234433948347,0.7694361261026907,True,False
exploratory,primary_sigma30,primary,20260811,1,awgn,30,27,sobel_si,glcm_homogeneity,24,-0.6686956521739131,0.12956521739130444,-0.7982608695652176,C = B_homogeneity - B_other; B = s * (rho_noisy - rho_clean),20,0.05,99999,-1.5676969956679083,-0.028824743462526836,0.7694361261026907,True,True
exploratory,primary_sigma30,primary,20260811,1,awgn,30,27,luma_sd,glcm_homogeneity,24,-0.6686956521739131,0.3878260869565217,-1.056521739130435,C = B_homogeneity - B_other; B = s * (rho_noisy - rho_clean),20,0.05,99999,-1.8259578652331256,-0.28708561302774416,0.7694361261026907,True,True
exploratory,primary_sigma30,primary,20260811,1,awgn,30,27,edge_fraction,glcm_homogeneity,24,-0.6686956521739131,-0.35217391304347845,-0.3165217391304347,C = B_homogeneity - B_other; B = s * (rho_noisy - rho_clean),20,0.05,99999,-1.0859578652331254,0.45291438697225606,0.7694361261026907,True,False
exploratory,primary_sigma30,primary,20260811,1,awgn,30,27,glcm_contrast,glcm_homogeneity,24,-0.6686956521739131,-0.2260869565217392,-0.4426086956521739,C = B_homogeneity - B_other; B = s * (rho_noisy - rho_clean),20,0.05,99999,-1.2120448217548647,0.3268274304505168,0.7694361261026907,True,False
exploratory,primary_sigma30,primary,20260811,1,awgn,30,27,glcm_entropy,glcm_homogeneity,24,-0.6686956521739131,-0.47826086956521746,-0.19043478260869567,C = B_homogeneity - B_other; B = s * (rho_noisy - rho_clean),20,0.05,99999,-0.9598709087113864,0.5790013434939951,0.7694361261026907,True,False
exploratory,primary_sigma30,primary,20260811,1,awgn,30,32,sobel_si,glcm_homogeneity,24,-0.7539130434782607,0.06695652173913047,-0.8208695652173912,C = B_homogeneity - B_other; B = s * (rho_noisy - rho_clean),20,0.05,99999,-1.590305691320082,-0.05143343911470044,0.7694361261026907,True,True
exploratory,primary_sigma30,primary,20260811,1,awgn,30,32,luma_sd,glcm_homogeneity,24,-0.7539130434782607,0.3869565217391304,-1.140869565217391,C = B_homogeneity - B_other; B = s * (rho_noisy - rho_clean),20,0.05,99999,-1.9103056913200818,-0.3714334391147003,0.7694361261026907,True,True
exploratory,primary_sigma30,primary,20260811,1,awgn,30,32,edge_fraction,glcm_homogeneity,24,-0.7539130434782607,-0.4034782608695653,-0.3504347826086954,C = B_homogeneity - B_other; B = s * (rho_noisy - rho_clean),20,0.05,99999,-1.1198709087113863,0.4190013434939953,0.7694361261026907,True,False
exploratory,primary_sigma30,primary,20260811,1,awgn,30,32,glcm_contrast,glcm_homogeneity,24,-0.7539130434782607,-0.2860869565217391,-0.4678260869565216,C = B_homogeneity - B_other; B = s * (rho_noisy - rho_clean),20,0.05,99999,-1.2372622130592124,0.30161003914616913,0.7694361261026907,True,False
exploratory,primary_sigma30,primary,20260811,1,awgn,30,32,glcm_entropy,glcm_homogeneity,24,-0.7539130434782607,-0.4608695652173913,-0.2930434782608694,C = B_homogeneity - B_other; B = s * (rho_noisy - rho_clean),20,0.05,99999,-1.0624796043635603,0.47639264784182134,0.7694361261026907,True,False
exploratory,primary_sigma30,primary,20260811,1,awgn,30,37,sobel_si,glcm_homogeneity,24,-0.5730434782608695,-0.05217391304347829,-0.5208695652173913,C = B_homogeneity - B_other; B = s * (rho_noisy - rho_clean),20,0.05,99999,-1.290305691320082,0.2485665608852995,0.7694361261026907,True,False
exploratory,primary_sigma30,primary,20260811,1,awgn,30,37,luma_sd,glcm_homogeneity,24,-0.5730434782608695,0.07043478260869568,-0.6434782608695653,C = B_homogeneity - B_other; B = s * (rho_noisy - rho_clean),20,0.05,99999,-1.412914386972256,0.12595786523312547,0.7694361261026907,True,False
exploratory,primary_sigma30,primary,20260811,1,awgn,30,37,edge_fraction,glcm_homogeneity,24,-0.5730434782608695,-0.24521739130434783,-0.3278260869565217,C = B_homogeneity - B_other; B = s * (rho_noisy - rho_clean),20,0.05,99999,-1.0972622130592125,0.44161003914616903,0.7694361261026907,True,False
exploratory,primary_sigma30,primary,20260811,1,awgn,30,37,glcm_contrast,glcm_homogeneity,24,-0.5730434782608695,-0.2008695652173914,-0.37217391304347813,C = B_homogeneity - B_other; B = s * (rho_noisy - rho_clean),20,0.05,99999,-1.141610039146169,0.3972622130592126,0.7694361261026907,True,False
exploratory,primary_sigma30,primary,20260811,1,awgn,30,37,glcm_entropy,glcm_homogeneity,24,-0.5730434782608695,-0.3991304347826087,-0.17391304347826086,C = B_homogeneity - B_other; B = s * (rho_noisy - rho_clean),20,0.05,99999,-0.9433491695809516,0.5955230826244299,0.7694361261026907,True,False
exploratory,equal_mean3_sigma30,equal_mean3,20260811;20260812;20260813,3,awgn,30,22,sobel_si,glcm_homogeneity,24,-0.7805883456011409,0.16469050241713368,-0.9452788480182746,C = B_homogeneity - B_other; B = s * (rho_noisy - rho_clean),20,0.05,99999,-1.692328410657272,-0.1982292853792772,0.7470495626389974,True,True
exploratory,equal_mean3_sigma30,equal_mean3,20260811;20260812;20260813,3,awgn,30,22,luma_sd,glcm_homogeneity,24,-0.7805883456011409,0.5161375401247403,-1.2967258857258812,C = B_homogeneity - B_other; B = s * (rho_noisy - rho_clean),20,0.05,99999,-2.0437754483648787,-0.5496763230868839,0.7470495626389974,True,True
exploratory,equal_mean3_sigma30,equal_mean3,20260811;20260812;20260813,3,awgn,30,22,edge_fraction,glcm_homogeneity,24,-0.7805883456011409,-0.4711390922998637,-0.30944925330127715,C = B_homogeneity - B_other; B = s * (rho_noisy - rho_clean),20,0.05,99999,-1.0564988159402744,0.4376003093377202,0.7470495626389974,True,False
exploratory,equal_mean3_sigma30,equal_mean3,20260811;20260812;20260813,3,awgn,30,22,glcm_contrast,glcm_homogeneity,24,-0.7805883456011409,-0.3046153046122982,-0.4759730409888427,C = B_homogeneity - B_other; B = s * (rho_noisy - rho_clean),20,0.05,99999,-1.22302260362784,0.27107652165015467,0.7470495626389974,True,False
exploratory,equal_mean3_sigma30,equal_mean3,20260811;20260812;20260813,3,awgn,30,22,glcm_entropy,glcm_homogeneity,24,-0.7805883456011409,-0.5381041864626804,-0.24248415913846044,C = B_homogeneity - B_other; B = s * (rho_noisy - rho_clean),20,0.05,99999,-0.9895337217774578,0.5045654035005369,0.7470495626389974,True,False
exploratory,equal_mean3_sigma30,equal_mean3,20260811;20260812;20260813,3,awgn,30,27,sobel_si,glcm_homogeneity,24,-0.6704347826086958,0.14724637681159414,-0.81768115942029,C = B_homogeneity - B_other; B = s * (rho_noisy - rho_clean),20,0.05,99999,-1.5647307220592874,-0.0706315967812926,0.7470495626389974,True,True
exploratory,equal_mean3_sigma30,equal_mean3,20260811;20260812;20260813,3,awgn,30,27,luma_sd,glcm_homogeneity,24,-0.6704347826086958,0.4098550724637681,-1.080289855072464,C = B_homogeneity - B_other; B = s * (rho_noisy - rho_clean),20,0.05,99999,-1.8273394177114612,-0.33324029243346664,0.7470495626389974,True,True
exploratory,equal_mean3_sigma30,equal_mean3,20260811;20260812;20260813,3,awgn,30,27,edge_fraction,glcm_homogeneity,24,-0.6704347826086958,-0.365217391304348,-0.30521739130434783,C = B_homogeneity - B_other; B = s * (rho_noisy - rho_clean),20,0.05,99999,-1.0522669539433451,0.4418321713346495,0.7470495626389974,True,False
exploratory,equal_mean3_sigma30,equal_mean3,20260811;20260812;20260813,3,awgn,30,27,glcm_contrast,glcm_homogeneity,24,-0.6704347826086958,-0.2191304347826088,-0.451304347826087,C = B_homogeneity - B_other; B = s * (rho_noisy - rho_clean),20,0.05,99999,-1.1983539104650844,0.29574521481291033,0.7470495626389974,True,False
exploratory,equal_mean3_sigma30,equal_mean3,20260811;20260812;20260813,3,awgn,30,27,glcm_entropy,glcm_homogeneity,24,-0.6704347826086958,-0.4553623188405798,-0.215072463768116,C = B_homogeneity - B_other; B = s * (rho_noisy - rho_clean),20,0.05,99999,-0.9621220264071133,0.5319770988708814,0.7470495626389974,True,False
exploratory,equal_mean3_sigma30,equal_mean3,20260811;20260812;20260813,3,awgn,30,32,sobel_si,glcm_homogeneity,24,-0.7243374257199842,0.08687062416453195,-0.8112080498845161,C = B_homogeneity - B_other; B = s * (rho_noisy - rho_clean),20,0.05,99999,-1.5582576125235135,-0.06415848724551876,0.7470495626389974,True,True
exploratory,equal_mean3_sigma30,equal_mean3,20260811;20260812;20260813,3,awgn,30,32,luma_sd,glcm_homogeneity,24,-0.7243374257199842,0.3722124889500662,-1.0965499146700504,C = B_homogeneity - B_other; B = s * (rho_noisy - rho_clean),20,0.05,99999,-1.8435994773090476,-0.349500352031053,0.7470495626389974,True,True
exploratory,equal_mean3_sigma30,equal_mean3,20260811;20260812;20260813,3,awgn,30,32,edge_fraction,glcm_homogeneity,24,-0.7243374257199842,-0.39126886051332715,-0.333068565206657,C = B_homogeneity - B_other; B = s * (rho_noisy - rho_clean),20,0.05,99999,-1.0801181278456544,0.41398099743234035,0.7470495626389974,True,False
exploratory,equal_mean3_sigma30,equal_mean3,20260811;20260812;20260813,3,awgn,30,32,glcm_contrast,glcm_homogeneity,24,-0.7243374257199842,-0.2702523822351002,-0.454085043484884,C = B_homogeneity - B_other; B = s * (rho_noisy - rho_clean),20,0.05,99999,-1.2011346061238815,0.29296451915411337,0.7470495626389974,True,False
exploratory,equal_mean3_sigma30,equal_mean3,20260811;20260812;20260813,3,awgn,30,32,glcm_entropy,glcm_homogeneity,24,-0.7243374257199842,-0.4722996471752068,-0.2520377785447774,C = B_homogeneity - B_other; B = s * (rho_noisy - rho_clean),20,0.05,99999,-0.9990873411837747,0.49501178409422,0.7470495626389974,True,False
exploratory,equal_mean3_sigma30,equal_mean3,20260811;20260812;20260813,3,awgn,30,37,sobel_si,glcm_homogeneity,24,-0.5808695652173914,-0.004637681159420204,-0.5762318840579712,C = B_homogeneity - B_other; B = s * (rho_noisy - rho_clean),20,0.05,99999,-1.3232814466969685,0.17081767858102614,0.7470495626389974,True,False
exploratory,equal_mean3_sigma30,equal_mean3,20260811;20260812;20260813,3,awgn,30,37,luma_sd,glcm_homogeneity,24,-0.5808695652173914,0.15101449275362316,-0.7318840579710146,C = B_homogeneity - B_other; B = s * (rho_noisy - rho_clean),20,0.05,99999,-1.4789336206100119,0.015165504667982721,0.7470495626389974,True,False
exploratory,equal_mean3_sigma30,equal_mean3,20260811;20260812;20260813,3,awgn,30,37,edge_fraction,glcm_homogeneity,24,-0.5808695652173914,-0.26550724637681156,-0.31536231884057986,C = B_homogeneity - B_other; B = s * (rho_noisy - rho_clean),20,0.05,99999,-1.0624118814795773,0.4316872437984175,0.7470495626389974,True,False
exploratory,equal_mean3_sigma30,equal_mean3,20260811;20260812;20260813,3,awgn,30,37,glcm_contrast,glcm_homogeneity,24,-0.5808695652173914,-0.2049275362318841,-0.3759420289855073,C = B_homogeneity - B_other; B = s * (rho_noisy - rho_clean),20,0.05,99999,-1.1229915916245048,0.37110753365349003,0.7470495626389974,True,False
exploratory,equal_mean3_sigma30,equal_mean3,20260811;20260812;20260813,3,awgn,30,37,glcm_entropy,glcm_homogeneity,24,-0.5808695652173914,-0.3910144927536232,-0.1898550724637682,C = B_homogeneity - B_other; B = s * (rho_noisy - rho_clean),20,0.05,99999,-0.9369046351027656,0.5571944901752292,0.7470495626389974,True,False
